GEOID20,assignment
26003003001,32
26003003007,32
26003003010,32
26003003005,32
26003003009,32
26003003006,32
26003003003,32
26041041018,32
26041041007,32
26041041021,32
26041041008,32
26041041002,32
26041041015,32
26041041009,32
26041041006,32
26041041011,32
26041041019,32
26041041001,32
26041041010,32
26041041016,32
26041041020,32
26041041017,32
26041041005,32
26041041022,32
26041041004,32
26003003002,32
26003003004,32
26041041003,32
26041041023,32
26041041014,32
26041041012,32
26041041013,32
26131131001,32
26131131007,32
26131131005,32
26131131006,32
26131131010,32
26131131004,32
26131131009,32
26131131008,32
26131131012,32
26131131002,32
26131131011,32
26131131003,32
26053053006,32
26053053011,32
26053053001,32
26095095001,32
26095095004,13
26095095002,32
26071071007,32
26071071016,32
26071071003,32
26071071009,32
26071071001,32
26071071006,32
26071071004,32
26071071011,32
26071071012,32
26071071014,32
26071071015,32
26083083005,32
26083083003,32
26053053002,32
26053053005,32
26053053008,32
26053053007,32
26053053004,32
26095095003,32
26053053009,32
26053053003,32
26053053010,32
26061061020,32
26061061011,32
26061061004,32
26061061030,32
26061061015,32
26061061005,32
26061061013,32
26061061012,32
26043043003,32
26043043004,32
26043043015,32
26043043012,32
26043043011,32
26071071002,32
26071071005,32
26043043007,32
26043043009,32
26043043013,32
26043043010,32
26043043008,32
26043043006,32
26043043001,32
26043043002,32
26043043005,32
26043043016,32
26083083001,32
26083083002,32
26083083004,32
26061061003,32
26061061008,32
26061061002,32
26061061007,32
26061061018,32
26061061023,32
26061061029,32
26061061017,32
26061061022,32
26061061019,32
26061061016,32
26061061025,32
26061061009,32
26061061027,32
26061061024,32
26061061026,32
26061061028,32
26061061021,32
26061061010,32
26061061001,32
26061061006,32
26061061014,32
26109109016,32
26109109017,32
26109109010,32
26109109009,32
26109109002,32
26109109018,32
26109109005,32
26109109001,32
26109109004,32
26109109003,32
26109109013,32
26109109012,32
26109109008,32
26109109020,32
26109109015,32
26109109006,32
26109109011,32
26109109014,32
26109109019,32
26109109007,32
26103103009,32
26103103026,32
26103103006,32
26103103023,32
26103103035,32
26103103032,32
26103103015,32
26103103036,32
26103103007,32
26103103004,32
26103103027,32
26103103001,32
26103103019,32
26103103010,32
26103103018,32
26103103029,32
26103103013,32
26103103021,32
26103103028,32
26103103030,32
26103103002,32
26103103031,32
26103103020,32
26103103012,32
26103103005,32
26103103014,32
26103103003,32
26103103033,32
26103103016,32
26103103017,32
26103103011,32
26103103034,32
26103103025,32
26013013007,32
26013013002,32
26013013001,32
26013013008,32
26013013006,32
26013013003,32
26013013004,32
26013013005,32
26103103008,32
26103103022,32
26103103024,32
26097097004,13
26097097012,32
26097097005,13
26097097011,32
26097097007,13
26153153011,32
26153153005,32
26153153009,32
26153153007,32
26153153008,32
26153153006,32
26153153010,32
26153153002,32
26153153004,32
26153153003,32
26153153012,32
26001001012,13
26001001005,13
26129129004,6
26129129005,6
26129129014,6
26001001003,13
26001001001,13
26129129008,6
26129129002,6
26129129015,6
26001001004,6
26001001007,13
26001001010,13
26007007017,13
26007007015,13
26007007013,13
26007007014,13
26007007016,13
26007007004,13
26007007001,13
26113113003,13
26119119004,13
26119119007,13
26119119009,13
26119119006,13
26119119003,13
26119119008,13
26119119001,13
26119119005,13
26119119002,13
26137137014,13
26137137007,3
26137137012,3
26137137004,13
26137137001,13
26137137003,13
26137137008,13
26137137002,13
26137137013,13
26137137006,13
26137137011,13
26137137009,13
26137137005,13
26029029001,3
26029029010,3
26029029015,3
26029029002,3
26029029003,3
26029029013,3
26029029012,3
26029029011,3
26029029004,3
26047047012,3
26047047020,3
26047047008,3
26047047022,13
26047047003,3
26047047019,3
26047047021,3
26047047010,3
26047047013,3
26047047007,3
26047047011,3
26047047016,3
26047047009,3
26047047014,3
26047047023,3
26047047005,3
26047047001,3
26047047006,3
26047047004,3
26047047017,3
26047047015,3
26079079002,3
26079079001,3
26039039005,13
26039039008,13
26039039007,13
26039039006,13
26039039010,13
26039039001,13
26039039004,13
26039039002,13
26039039003,13
26039039009,13
26047047018,3
26143143013,13
26143143002,6
26143143001,6
26007007008,13
26007007009,13
26007007002,13
26007007003,13
26007007012,13
26007007011,13
26007007007,13
26007007006,13
26007007010,13
26007007005,13
26009009016,3
26009009014,3
26009009012,3
26143143005,13
26143143008,13
26143143012,13
26143143007,13
26143143011,13
26143143009,13
26097097002,13
26097097006,13
26097097014,13
26097097013,13
26097097010,13
26097097009,13
26069069012,6
26097097001,13
26069069018,6
26069069008,6
26097097003,13
26069069007,6
26097097008,13
26069069002,6
26069069011,6
26069069010,6
26069069009,6
26001001009,13
26001001011,13
26001001008,13
26141141010,13
26141141009,13
26141141015,13
26141141011,13
26141141004,13
26141141005,13
26141141013,13
26141141002,13
26141141007,13
26141141001,13
26141141014,13
26141141008,13
26141141012,13
26141141003,13
26141141016,13
26141141006,13
26001001006,13
26001001002,13
26031031019,3
26031031017,3
26031031009,13
26079079005,3
26031031015,3
26031031010,13
26031031003,13
26031031013,13
26031031016,3
26031031006,13
26031031007,13
26031031005,13
26031031018,13
26031031002,13
26031031001,3
26031031022,13
26031031011,3
26031031012,13
26031031008,13
26031031004,3
26031031014,13
26031031020,13
26031031021,13
26135135004,13
26135135001,13
26135135005,13
26135135006,13
26135135003,13
26135135002,13
26135135007,13
26033033017,13
26033033008,13
26033033014,13
26033033013,13
26033033005,13
26033033006,13
26033033015,13
26033033002,13
26033033007,13
26033033019,13
26033033003,13
26033033018,13
26033033009,13
26033033016,13
26033033001,13
26033033011,13
26033033012,13
26033033010,13
26033033004,13
26143143006,13
26021021042,22
26021021005,22
26021021007,22
26021021008,22
26021021055,22
26021021027,22
26021021046,22
26021021019,22
26021021050,22
26021021014,22
26021021052,22
26021021022,22
26021021044,22
26021021034,22
26021021040,22
26021021003,22
26021021023,22
26021021061,22
26021021001,22
26021021062,22
26021021038,22
26021021021,22
26021021039,22
26021021057,22
26021021043,22
26021021024,22
26159159028,22
26005005005,34
26159159021,22
26005005026,34
26005005006,34
26027027013,22
26027027010,22
26027027009,22
26027027019,9
26027027020,22
26027027015,22
26027027022,22
26027027017,22
26027027002,22
26027027021,22
26027027001,22
26005005041,22
26027027006,22
26027027008,22
26027027011,22
26027027018,9
26027027005,22
26027027004,22
26027027012,22
26027027016,22
26027027003,22
26027027014,22
26027001001,22
26021021031,22
26021021002,22
26021021060,22
26021021056,22
26021021011,22
26021021018,22
26021021032,22
26021021009,22
26021021041,22
26021021053,22
26021021010,22
26021021028,22
26021021030,22
26021021033,22
26159159012,22
26159159029,22
26159159020,22
26159159022,22
26159159013,22
26159159010,22
26159159031,22
26159159016,22
26159159011,34
26159159008,22
26159159018,22
26159159030,22
26159159032,22
26159159019,22
26159159009,22
26149149025,9
26149149010,9
26149149007,9
26149149005,9
26149149004,9
26149149015,9
26149149024,9
26149149003,9
26021021015,22
26021021029,22
26021021012,22
26021021006,22
26021021047,22
26021021048,22
26021021045,22
26021021026,22
26021021020,22
26021021058,22
26021021025,22
26021021004,22
26021021051,22
26021021036,22
26021021059,22
26021021037,22
26021021016,22
26021021013,22
26021021054,22
26021021017,22
26021021035,22
26021021049,22
26065065065,27
26065065031,26
26045045015,27
26045045014,27
26065065060,35
26065065064,27
26065065017,26
26065065009,35
26065065068,27
26065065012,35
26065065022,26
26065065044,27
26065065021,26
26045045003,35
26065065061,35
26065065059,27
26065065077,26
26065065076,26
26065065103,35
26065065075,27
26065065046,35
26065065039,26
26065065025,26
26065065074,27
26065065080,27
26065065028,26
26065065052,35
26065065029,26
26065065106,26
26065065047,35
26065065063,27
26065065035,26
26065065042,26
26065065007,35
26025025035,35
26075075053,35
26045045019,27
26045045020,27
26045045028,27
26045045023,27
26045045022,27
26045045039,35
26045045044,27
26045045026,27
26045045032,27
26045045010,27
26045045051,27
26045045012,27
26045045024,27
26045045021,27
26045045016,27
26045045018,27
26045045017,27
26045045013,27
26045045002,27
26045045049,27
26045045011,27
26045045050,27
26045045031,27
26045045040,27
26065065070,27
26045045029,27
26065065037,26
26045045037,27
26045045025,27
26045045030,27
26065065008,35
26065065055,35
26065065024,26
26065065100,26
26065065079,27
26065065053,35
26065065104,35
26065065071,27
26065065045,35
26065065078,27
26065065023,26
26065065057,35
26065065058,35
26065065020,26
26065065033,26
26065065011,35
26065065001,35
26065065050,35
26065065067,27
26065065019,26
26065065056,35
26065065026,26
26065065066,27
26065065016,26
26065065049,35
26065065105,26
26065065073,27
26065065043,26
26065065054,35
26065065030,26
26065065062,35
26065065014,35
26065065048,35
26065065069,27
26065065013,35
26065065015,35
26065065010,35
26065065036,26
26065065072,27
26065065040,26
26065065099,26
26065065041,26
26065065018,26
26065065034,26
26065065027,26
26065065038,26
26125125041,17
26125125028,17
26099099252,8
26125125450,17
26125125440,17
26125125029,28
26099099237,8
26125125448,17
26125125446,17
26099099245,8
26099099238,8
26125125401,28
26125125355,17
26125125434,17
26099099244,8
26125125422,17
26125125437,17
26125125072,17
26099099247,8
26125125423,17
26125125436,17
26125125351,17
26125125447,17
26125125069,17
26125125438,17
26125125356,17
26125125005,19
26099099231,8
26125125025,28
26125125449,17
26099099243,8
26099099288,8
26125125023,17
26125125013,17
26125125017,17
26125125073,17
26125125070,17
26125125432,17
26125125359,17
26125125325,14
26125125058,28
26125125022,17
26125125047,28
26125125192,17
26125125358,17
26125125444,17
26125125050,28
26125125439,17
26125125490,19
26125125274,28
26125125477,19
26125125026,17
26125125071,17
26125125035,28
26125125426,17
26125125340,17
26125125350,17
26125125427,17
26125125442,17
26125125062,28
26125125020,17
26125125348,17
26125125429,17
26125125341,17
26125125342,17
26125125191,17
26125125398,28
26125125049,17
26125125343,17
26125125323,14
26125125345,17
26125125435,17
26099099232,8
26125125366,28
26125125445,17
26125125008,19
26125125036,17
26099099246,8
26125125040,28
26125125015,17
26125125484,16
26125125344,17
26125125441,17
26125125021,17
26125125024,28
26125125357,17
26125125425,17
26125125027,17
26125125400,28
26125125424,17
26125125443,17
26125125399,28
26125125349,17
26125125421,17
26125125014,17
26125125430,17
26125125057,28
26125125320,14
26125125018,17
26125125433,17
26125125428,17
26125125354,17
26163163357,29
26163163155,16
26125125236,28
26163163252,28
26163163176,16
26125125362,28
26125125375,16
26163163270,28
26125125379,16
26125125124,28
26125125241,28
26163163224,29
26163163259,28
26125125238,28
26125125123,28
26125125248,28
26163163821,16
26125125122,17
26163163255,21
26163163251,28
26125125383,28
26163163363,29
26163163256,21
26125125183,17
26125125130,17
26125125272,17
26125125172,28
26125125129,17
26125125185,29
26163163274,28
26125125374,16
26125125364,28
26163163275,28
26163163284,16
26125125363,28
26125125242,28
26125125237,28
26163163346,29
26125125016,17
26163163362,29
26125125019,17
26099099298,8
26125125151,28
26099099297,8
26125125152,28
26125125365,28
26125000006,17
26163163169,16
26163163172,16
26163163151,16
26125125184,17
26125125371,28
26163163226,28
26125125403,28
26125125361,28
26163163272,28
26125125352,17
26125125154,28
26125125235,28
26099099281,29
26099099296,8
26125125336,17
26125125378,16
26125125135,17
26125125370,28
26125125245,28
26099099287,8
26125125138,17
26125125240,28
26125125188,17
26163163286,28
26125125186,17
26125125377,16
26125125402,28
26099099295,8
26125125381,16
26099099320,29
26163163170,16
26125125127,17
26125125337,17
26125125134,29
26125125346,17
26125125353,17
26099099285,29
26163163167,16
26163163146,21
26163163162,16
26163163250,28
26125125247,28
26163163359,29
26163163165,16
26163163171,16
26163163150,16
26163163166,16
26163163358,29
26125125234,28
26163163257,28
26163163288,16
26163163285,16
26163163287,21
26163163153,16
26163163249,28
26125125125,17
26125125387,16
26163163267,28
26125125243,28
26125125155,28
26125125182,17
26163163282,16
26125125347,17
26163163161,16
26163163231,29
26125125128,17
26163163253,28
26163163254,21
26125125244,28
26163163271,21
26099099284,29
26125125246,28
26163163159,16
26163163225,28
26163163158,16
26125125137,17
26163163283,16
26163163258,28
26099099280,29
26163163177,16
26125125126,28
26163163361,29
26163163156,16
26125125338,17
26125125189,17
26163163289,16
26163163269,28
26125125382,16
26163163291,16
26125125187,17
26163163360,29
26125125339,17
26163163227,28
26099099286,29
26163163281,16
26125125136,17
26125125233,28
26125125153,28
26125125239,28
26125125190,17
26163163175,16
26125125404,28
26163163822,16
26159159033,22
26159159025,22
26159159003,22
26023023021,9
26159159004,22
26159159017,34
26077077069,9
26077077035,9
26077077105,9
26077077072,9
26077077107,9
26077077090,9
26077077042,9
26077077036,9
26077077080,9
26077077098,9
26077077087,9
26077077073,9
26015015003,34
26077077076,9
26077077100,9
26077077085,9
26015015013,15
26077077104,9
26077077075,9
26015015002,15
26077077083,9
26077077077,9
26077077009,9
26077077089,9
26077077084,9
26077077093,34
26025025021,27
26077077097,9
26077077019,9
26025025041,27
26025025013,27
26077077006,27
26025025015,27
26025025010,27
26077077037,9
26077077074,9
26077077106,9
26025025012,27
26025025024,27
26025025031,27
26077077078,9
26025025028,27
26077077099,9
26077077086,9
26025025022,27
26025025011,27
26025025023,27
26025025026,27
26025025009,27
26025025040,27
26025025034,35
26159159007,22
26025025060,35
26025025030,27
26025025058,27
26025025046,27
26025025029,27
26159159024,22
26025025042,27
26159159015,22
26025025053,27
26025025008,27
26025025025,27
26025025039,27
26159159001,22
26159159023,22
26025025047,27
26159159006,22
26025025027,27
26159159026,34
26025025059,27
26025025014,27
26159159027,22
26159159005,22
26159159002,22
26077077088,9
26077077005,27
26077077071,9
26077077096,27
26077077039,9
26077000020,9
26077077004,9
26077077079,9
26077077091,22
26077077020,9
26077077007,9
26077077070,9
26077077095,27
26077077032,9
26077077003,9
26077077102,9
26077077081,9
26077077101,9
26077077034,9
26077077033,9
26077077047,34
26149149017,9
26149149008,9
26149149009,9
26149149014,9
26115115036,20
26115115018,20
26115115030,20
26163163654,20
26163163891,21
26163163866,21
26115115021,20
26115000003,20
26163163923,37
26163163050,37
26163163667,20
26163163656,20
26163163864,21
26163163057,37
26163163652,20
26163163716,20
26163163031,37
26163163141,24
26163163909,24
26163163099,24
26163163975,20
26163163715,20
26163163910,24
26163163851,24
26163163860,21
26163163018,20
26163163907,21
26163163056,37
26163163021,20
26163163719,21
26163163914,24
26163163896,24
26163163859,21
26163163854,24
26163163058,37
26163163857,21
26163163904,21
26163163852,24
26163163019,21
26163163974,20
26163163026,21
26163163913,24
26163163915,24
26163163717,20
26163163016,37
26163163046,37
26163163668,20
26163163066,37
26163163067,37
26163163672,24
26163163868,21
26163163920,37
26163163047,37
26163163028,20
26163163718,20
26163163029,20
26163163025,20
26163163024,20
26163163143,24
26163163889,24
26163163655,20
26163163976,20
26163163979,20
26163163888,24
26163163063,37
26163163861,21
26163163027,20
26163163670,24
26163163892,24
26163163886,24
26163163138,24
26163163924,37
26163163917,20
26163163911,24
26163163142,24
26163163863,21
26163163912,24
26163163856,20
26163163098,24
26163163669,24
26163163883,37
26163163862,21
26163163022,20
26163163858,21
26163163020,24
26163163867,21
26163163855,20
26163163017,37
26163163882,20
26163163973,20
26163163887,24
26163163853,24
26163163865,21
26163163714,20
26163163023,20
26163163893,24
26163163908,21
26163163053,37
26115115020,20
26115115003,20
26163163890,24
26163163895,24
26115115033,20
26163163922,20
26115115031,20
26163163897,24
26163163977,20
26115115019,20
26163163653,20
26163163671,24
26163163918,37
26121121044,11
26139139095,1
26121121025,11
26121121040,11
26139139043,1
26121121024,11
26139139091,1
26139139093,1
26121121050,11
26121121026,11
26121121043,11
26121121057,1
26121121035,1
26121121063,1
26121121018,1
26121121059,1
26121121037,1
26121121058,1
26121121032,1
26121121042,11
26121121062,1
26139139033,1
26139139092,1
26139139005,1
26139139094,1
26123123018,11
26123123001,11
26123123005,11
26123123017,11
26121121023,1
26121121015,1
26121121056,1
26121121003,11
26121121031,1
26121121053,1
26121121048,1
26121121055,1
26121121054,1
26121121014,1
26121121039,11
26121121041,11
26121121008,11
26121121060,1
26121121038,11
26121121006,11
26121121028,11
26121121061,1
26121121049,11
26121121010,11
26121121046,1
26121121047,1
26121121045,1
26121121016,1
26121121064,1
26139139035,1
26139139088,1
26139139012,1
26139139036,1
26139139040,1
26139139014,1
26139139096,1
26139139085,1
26139139039,1
26139139006,1
26139139001,1
26139139013,1
26081081211,12
26139139090,1
26139139034,1
26139139004,1
26139139003,1
26139139041,1
26139139042,1
26139139038,1
26139139002,1
26139139011,1
26139139089,1
26121121002,12
26121121029,11
26121121009,11
26121121019,1
26121121020,1
26121121034,1
26139139087,1
26139139032,1
26121121051,1
26121121052,1
26121121027,11
26121121013,1
26121121033,1
26121121030,11
26121121036,1
26121121012,11
26125125373,16
26125125105,16
26125125096,16
26125125091,16
26163163760,33
26163163765,37
26163163154,16
26163163768,33
26125125119,33
26163163769,33
26125125386,16
26163163937,37
26125125394,16
26125125089,16
26163163949,37
26125125369,16
26163163661,37
26163163745,33
26163163945,33
26125125391,16
26125125405,16
26125125108,16
26163163778,37
26125125113,16
26125125380,16
26163163783,33
26163163958,33
26163163781,33
26163163135,21
26163163966,33
26163163780,33
26163163665,21
26163163163,16
26125125376,16
26163163131,21
26125125384,16
26163163967,33
26125125395,16
26163163127,21
26125125393,16
26163163962,33
26163163957,37
26163163757,33
26163163766,33
26163163746,33
26125125090,16
26125125037,28
26125125104,16
26125125397,16
26163163134,21
26163163959,33
26163163955,37
26125125396,16
26163163784,33
26125125120,16
26125125094,16
26125125390,16
26163163753,33
26125125367,16
26163163125,21
26163163782,33
26125125092,16
26163163133,21
26163163128,21
26125125107,16
26125125095,16
26125125389,16
26163163786,33
26125125121,33
26163163775,37
26163163758,33
26163163660,37
26163163164,16
26125125118,33
26163163948,37
26163163767,33
26163163664,37
26125125392,16
26125125115,16
26163163938,37
26163163754,33
26125125039,28
26163163970,37
26125125103,16
26163163126,21
26125125385,16
26125125372,16
26163163663,37
26163163770,33
26125125171,28
26125125106,16
26163163666,21
26163163824,16
26163163971,37
26125125111,16
26163163747,33
26163163777,37
26125125114,16
26163163773,33
26125125109,16
26163163152,16
26163163779,33
26125125097,16
26125125044,28
26125125407,16
26125125031,28
26125125406,16
26125125093,16
26125125112,16
26125125368,16
26125125483,16
26163163160,16
26125125388,16
26163163771,33
26101101007,11
26101101006,11
26101101013,3
26101101004,3
26101101011,11
26101101008,11
26113113005,13
26113113009,3
26101101003,11
26101101014,3
26101101001,3
26165165006,3
26165165007,13
26165165015,3
26165165013,3
26165165001,11
26165165020,11
26165165021,11
26165165008,13
26165165016,3
26165165003,13
26165165017,13
26165165018,11
26165165010,3
26165165005,13
26165165012,3
26165165004,13
26165165011,3
26029029007,3
26165165002,11
26165165019,11
26029029005,3
26029029014,3
26029029016,3
26165165014,11
26133133007,13
26029029020,3
26029029009,3
26029029019,3
26089089002,3
26029029017,3
26029029008,3
26089089011,3
26029029006,3
26089089006,3
26089089001,3
26089089007,3
26089089010,3
26089089003,3
26089089004,3
26089089009,3
26035035019,13
26089089012,3
26089089005,3
26035035015,11
26089089008,3
26089089013,3
26079079009,3
26113113001,13
26113113004,3
26113113011,13
26113113016,13
26113113007,3
26113113014,13
26113113015,13
26113113012,3
26113113006,13
26113113013,3
26113113010,3
26113113002,3
26113113008,13
26113113017,13
26079079010,3
26079079008,3
26079079011,3
26079079007,3
26079079012,3
26079079004,3
26085085005,11
26019019012,3
26019019006,3
26019019002,3
26019019005,3
26019019004,3
26019019003,3
26019019008,3
26019019013,3
26019019009,3
26019019010,3
26019019001,3
26019019007,3
26019019011,3
26035035017,13
26101101002,11
26101101010,11
26101101016,11
26101101009,11
26101101015,3
26101101005,11
26101101012,11
26029029018,3
26085085004,11
26009009003,3
26009009008,3
26009009001,3
26009009004,3
26009009009,3
26133133009,11
26133133016,11
26009009005,3
26009009006,3
26009009007,3
26009009013,3
26009009015,3
26009009010,3
26009009002,3
26009009011,3
26133133001,13
26133133011,11
26133133005,11
26133133017,13
26133133008,11
26133133010,13
26035035008,13
26105105005,11
26105105016,11
26079079013,3
26079079006,3
26079079003,3
26055055024,3
26055055030,3
26055055012,3
26055055003,3
26055055023,3
26055055011,3
26055055007,3
26055055016,3
26055055005,3
26055055026,3
26055055010,3
26055055025,3
26055055020,3
26055055017,3
26055055035,3
26055055036,3
26055055018,3
26055055004,3
26055055002,3
26055055029,3
26055055032,3
26055055027,3
26055055009,3
26055055034,3
26055055013,3
26055055019,3
26055055022,3
26055055033,3
26055055008,3
26055055014,3
26055055031,3
26055055001,3
26055055021,3
26055055015,3
26055055028,3
26055055006,3
26129129017,6
26129129010,6
26129129012,6
26145145047,4
26145145085,6
26129129006,6
26129129003,6
26129129007,6
26129129013,6
26129129001,6
26129129011,6
26011011004,6
26129129009,6
26129129016,6
26011011006,6
26011011011,6
26011011015,6
26011011005,6
26145145037,4
26145145029,6
26145145042,4
26145145041,4
26111111053,7
26111111008,6
26111111001,7
26111111050,6
26073073027,13
26145145035,4
26073073028,13
26035035002,13
26157157032,6
26035035012,13
26035035001,13
26035035003,13
26035035011,13
26073000001,13
26143143003,13
26143143014,13
26143143004,13
26143143010,6
26017017029,6
26017017025,6
26017017036,6
26017017042,6
26017017013,6
26017017037,6
26017017022,6
26017017031,6
26017017023,6
26017017041,6
26017017026,6
26017017035,6
26017017020,6
26017017034,6
26017017043,6
26017017015,6
26145145015,4
26017017030,6
26145145036,4
26017017021,6
26017017006,6
26017017045,6
26017017039,6
26017017028,6
26017017040,6
26017017017,6
26017017009,6
26017017003,6
26017017044,6
26017017012,6
26145145019,4
26145145038,4
26145145014,4
26035035010,13
26035035009,13
26145145061,4
26011011002,6
26011011007,6
26145145062,4
26145145065,7
26011011001,6
26011011009,6
26011011008,6
26011011017,6
26011011016,6
26011011003,6
26011011010,6
26011011012,6
26145145013,4
26017017016,6
26017017033,6
26017017014,6
26017017008,6
26017017018,6
26017017019,6
26017017002,6
26017017004,6
26017017005,6
26017017010,6
26017017038,6
26051051002,6
26051051017,6
26017017011,6
26051051013,6
26017017007,6
26017017027,6
26017017024,6
26017001004,6
26051051015,6
26051051007,6
26051051010,6
26051051004,6
26051051006,6
26051051014,6
26051051001,6
26051051016,6
26051051018,6
26051051011,6
26051051008,6
26051051003,6
26051051005,6
26051051009,6
26051051012,6
26069069004,6
26069069001,6
26069069006,6
26069069014,6
26069069005,6
26069069015,6
26069069013,6
26069069017,6
26069069003,6
26069069016,6
26035035005,13
26035035013,13
26035035016,13
26145145084,6
26145145040,4
26145145080,6
26145145016,4
26145145082,6
26145145018,4
26093093046,5
26093093025,5
26161161040,30
26093093031,5
26161161005,30
26161161016,30
26161161054,30
26093093038,5
26161161147,30
26093093039,5
26093093044,5
26161161038,30
26161161081,30
26161161076,18
26161161064,5
26161161035,30
26161161063,5
26093093040,5
26161161025,30
26161161030,30
26161161084,30
26161161011,30
26161161118,5
26161161101,30
26093093043,5
26093093045,5
26161161012,30
26161161092,18
26161161052,30
26161161001,30
26161161079,5
26161161006,30
26161161010,30
26161161028,30
26161161107,30
26161161090,30
26161161008,30
26161161109,30
26161161099,18
26161161085,30
26093093042,5
26161161089,30
26161161014,30
26093093041,5
26161161009,30
26161161031,30
26161161047,30
26161161108,30
26161161037,30
26093093047,5
26161161098,18
26161161020,30
26161161024,30
26161161073,30
26161161043,30
26161161122,18
26161161106,30
26161161022,30
26161161082,30
26161161027,30
26161161033,30
26161161018,30
26161161023,30
26161161032,30
26161161007,30
26161161087,30
26161161055,30
26161161013,30
26161161053,30
26091091014,18
26161161044,30
26161161042,30
26161161029,30
26091091015,18
26161161062,5
26161161075,18
26161161041,30
26161161046,30
26161161015,30
26161161080,5
26161161071,18
26161161019,30
26161161117,5
26161161134,30
26161161045,30
26161161100,18
26161161034,30
26161161097,30
26161161072,18
26161161119,5
26161161083,30
26161161021,30
26161161104,30
26161161036,30
26161161091,30
26161161105,30
26161161039,30
26161161026,30
26093093033,5
26091091022,18
26161161004,30
26161161048,30
26161161121,18
26161161059,18
26161161050,30
26161161051,30
26075075043,18
26161161103,30
26161161017,30
26161161078,5
26161161067,5
26161161049,30
26161161003,30
26161161068,18
26161161110,18
26093093035,5
26161161093,30
26161161002,30
26099099157,14
26099099329,14
26125125003,14
26099099018,36
26099099332,14
26099099003,14
26099099005,14
26099099159,36
26099099155,36
26099099106,36
26099099152,36
26147147068,36
26147147012,36
26087087005,2
26147147043,36
26147147008,36
26087087001,36
26099099224,14
26087087010,2
26147147035,36
26147147050,36
26147147054,36
26147147045,36
26147147067,36
26147147024,36
26147147060,36
26147147031,36
26147147044,36
26147147048,36
26099099001,36
26099099158,14
26147147055,36
26099099103,36
26147147026,36
26099099161,36
26147000001,36
26147147032,36
26147147020,36
26147147006,36
26147147029,36
26147147036,36
26147147010,36
26147147014,36
26099099025,36
26147147015,36
26147147042,36
26147147056,36
26147147041,36
26147147013,36
26147147001,36
26099099338,14
26099099223,14
26099099153,36
26147147069,36
26147147002,36
26147147064,36
26147147007,36
26147147052,36
26147147037,36
26147147051,36
26147147021,36
26147147057,36
26147147009,36
26147147040,36
26125125001,14
26147147065,36
26147147019,36
26147147018,36
26147147061,36
26147147017,36
26147147053,36
26147147062,36
26147147066,36
26147147025,36
26147147011,36
26147147059,36
26147147016,36
26147147049,36
26147147027,36
26099099160,36
26151151010,36
26151151029,2
26099099105,36
26151151005,36
26151151024,2
26099099002,36
26151151028,2
26099099156,36
26151151031,36
26151151013,2
26151151008,2
26151151027,36
26151151014,36
26151151007,2
26151151022,2
26151151006,36
26099099004,14
26099099162,36
26151151017,36
26151151025,36
26151151003,2
26151151026,36
26099000015,36
26151151019,2
26151151009,36
26099099006,14
26151151030,36
26087087004,36
26099099154,36
26099099104,36
26081081023,10
26005005032,34
26005005016,34
26005005046,15
26005005022,15
26005005033,34
26005005031,34
26005005044,34
26005005045,15
26077077014,34
26077077024,9
26005005003,34
26077077054,34
26005005004,34
26077077068,34
26077077040,9
26005005015,34
26077077028,9
26005005010,10
26077077022,9
26015015018,15
26015015024,15
26015015016,34
26077077017,34
26015015017,15
26015015011,15
26015015009,15
26077077016,34
26077077018,34
26015015008,15
26077077056,34
26077077051,34
26005005030,15
26015015023,15
26005005008,10
26005005001,34
26005005034,34
26005005002,34
26015015015,15
26077077010,9
26077077067,9
26015015010,15
26077077062,9
26015015007,15
26077077026,9
26077077057,34
26077077023,9
26077077025,34
26077077011,34
26077077045,9
26077077103,9
26077077015,34
26077077060,9
26077077008,9
26081081027,10
26077077061,9
26077077092,34
26077077043,9
26077077082,9
26077077046,9
26077077031,9
26077077065,9
26081081026,10
26081081024,10
26081081022,10
26081081028,10
26081081021,10
26077077049,34
26077077021,9
26077077044,9
26077077048,34
26077077063,9
26077000006,34
26077077041,9
26077077066,9
26077077059,9
26077077029,34
26081081025,10
26077077058,9
26005005042,34
26077077002,34
26077077094,34
26077077064,9
26077077027,9
26015037120,15
26005005027,15
26077077050,34
26077077055,34
26077077001,34
26077077030,34
26081081064,10
26077077012,9
26077077013,34
26077077038,9
26005005009,10
26005005036,34
26005005028,15
26115115029,20
26161161115,30
26115115028,20
26115115005,20
26163163916,20
26115115037,20
26115115032,20
26115115008,20
26115115012,20
26115115011,20
26115115004,20
26115115007,20
26115115010,20
26161161139,30
26161161131,30
26161161144,20
26161161058,20
26161161143,30
26161161137,30
26161161124,30
26161161111,5
26161161129,30
26161161135,30
26161161149,30
26161161126,30
26115115040,20
26161161128,30
26115115013,20
26161161148,30
26115115027,20
26161161113,30
26161161141,30
26115115045,20
26161161088,18
26161161114,30
26161161142,30
26161161146,30
26115115034,20
26115115026,20
26161161130,30
26163163035,37
26161161138,30
26163163884,20
26163163068,37
26161161086,30
26163163039,37
26161161136,30
26163163885,37
26163163921,20
26161161140,30
26161161077,20
26161161127,30
26161161145,30
26161161132,30
26163163064,37
26163163880,20
26163163881,20
26163163919,37
26163163925,20
26163163070,30
26115115048,20
26115115042,20
26115115049,20
26115115047,20
26115115054,20
26091091016,18
26115115060,20
26161161057,20
26115115050,20
26161161123,30
26115115015,20
26115115056,20
26161161120,18
26115115051,20
26161161151,20
26115115024,20
26115115058,20
26115115017,20
26115115061,20
26115115025,20
26115115043,20
26115115039,20
26115115052,20
26115115006,20
26115115057,20
26115115062,20
26115115016,20
26161161056,20
26115115038,20
26115115014,20
26161161150,30
26115115053,20
26161161112,30
26115115041,20
26115115063,20
26161161133,30
26115115023,18
26115115022,20
26115115035,20
26161161125,30
26115115002,20
26115115059,20
26115115055,20
26115115009,20
26115115046,20
26115115001,20
26125125263,19
26099099144,36
26125125267,19
26125125063,19
26125125253,19
26049049005,2
26125125264,19
26125125164,19
26049049007,19
26125125229,14
26125125002,19
26087087007,2
26087087014,2
26087087023,2
26087087012,2
26087087018,36
26087087033,2
26087087022,2
26125125067,19
26125125259,19
26157157017,2
26157157007,2
26157157002,2
26157157013,2
26157157001,6
26157157012,2
26157157020,2
26157157025,2
26157157016,2
26157157022,2
26157157014,2
26157157031,2
26157157015,2
26157157018,2
26157157011,2
26157157006,2
26157157030,2
26157157021,2
26151151001,2
26151151011,2
26151151012,2
26125125271,19
26157157008,2
26157157005,2
26151151004,2
26151151016,2
26151151018,2
26151151021,2
26125125257,19
26151151002,2
26151151015,2
26151151023,2
26151151020,2
26125125256,19
26125125265,19
26087087006,2
26087087019,36
26087087008,2
26087087029,2
26087087026,2
26087087013,2
26087087017,2
26087087015,36
26087087032,2
26087087024,2
26087087034,2
26087087002,36
26125125268,19
26087087028,2
26087087025,2
26125125255,19
26125125266,19
26125125156,19
26125125157,19
26125125269,19
26147147003,36
26125125232,14
26125125270,19
26147147030,36
26125125254,19
26125125262,19
26147147046,36
26147147023,36
26125125065,19
26147147063,36
26147147034,36
26063063019,2
26063063002,2
26063063010,2
26063063007,2
26063063004,2
26063063031,2
26063063003,2
26063063011,2
26063063025,2
26063063013,2
26063063021,2
26063063023,2
26063063009,2
26063063006,2
26063063014,2
26063063024,2
26063063030,2
26063063005,2
26063063026,2
26049049006,19
26063063017,2
26063063012,2
26063063028,2
26063063020,2
26125125258,19
26063063016,2
26147147070,36
26063063001,2
26147147047,36
26063063027,2
26125125068,19
26147147004,36
26063063008,2
26063063015,2
26125125066,19
26147147039,36
26063063018,2
26063063022,2
26063063029,2
26125125131,19
26087087003,36
26087087021,2
26087087009,2
26087087036,2
26087087037,2
26087087016,2
26087087030,2
26087087011,2
26087087020,36
26087087035,2
26087087031,2
26087000001,2
26099099061,8
26099099115,14
26099099054,31
26099099266,8
26099099130,14
26099099017,36
26099099119,31
26099099096,31
26099099140,14
26099099066,8
26099099059,31
26099099067,31
26099099071,31
26099099277,31
26099099023,36
26099099029,31
26099099052,8
26099099257,8
26099099069,31
26099099148,31
26099099121,14
26099099108,14
26099099126,14
26099099271,8
26099099110,31
26099099094,31
26099099269,8
26099099135,14
26099099146,31
26099099138,14
26099099019,31
26099099131,14
26099099229,31
26099000016,36
26099099128,14
26099099132,14
26099099111,31
26099099020,31
26099099117,14
26099099272,31
26099099064,8
26099099098,31
26099099027,31
26099099047,31
26099099039,31
26099099133,14
26099099026,31
26099099134,14
26099099063,31
26099099015,36
26099099118,31
26099099058,8
26099099129,14
26099099204,31
26099099101,31
26099099031,31
26099099033,31
26099099093,31
26099099122,14
26099099053,31
26099099147,31
26099099102,31
26099099013,36
26099099100,31
26099099270,31
26099099021,36
26099099278,31
26099099116,31
26099099112,31
26099099014,31
26099099142,14
26099099012,36
26099099143,14
26099099124,14
26099099276,8
26099099145,31
26099099268,8
26099099137,14
26099099070,31
26099099123,14
26099099120,31
26099099127,31
26099099136,14
26099099150,31
26099099267,8
26099099016,36
26099099141,14
26099099107,14
26099099221,8
26099000017,36
26099000019,31
26099099113,31
26099000018,31
26099099099,31
26099099109,14
26099099114,31
26099099203,8
26099099097,31
26099099095,31
26099099022,31
26099099024,36
26099099227,31
26099099151,31
26099099062,8
26099099125,31
26099099139,31
26059059016,35
26059059020,35
26059059006,35
26059059011,35
26059059015,35
26059059025,35
26059059004,35
26059059012,35
26059059026,35
26059059018,35
26023023001,35
26023023012,35
26023023018,35
26023023004,9
26023023005,9
26023023022,9
26023023014,35
26023023003,9
26023023020,35
26023023015,35
26023023006,35
26023023016,9
26023023008,35
26023023007,35
26023023017,9
26023023011,35
26023023010,35
26023023002,9
26023023009,35
26023023013,9
26023023019,35
26091091034,18
26075075059,18
26091091024,18
26091091026,18
26091091043,18
26091091011,18
26091091032,18
26091091007,18
26091091040,18
26091091035,18
26091091025,18
26091091017,18
26091091002,18
26091091031,18
26091091038,18
26025025006,35
26025025005,35
26025025004,35
26025025044,35
26025025003,35
26025025007,35
26025025001,35
26025025057,35
26075075008,18
26075075014,35
26025025002,35
26115115064,20
26075075006,18
26075075038,18
26075075037,18
26075075045,35
26075075013,35
26075075007,18
26075075044,35
26091091029,18
26075075039,18
26075075040,18
26091091012,18
26075075009,35
26091091001,18
26091091006,18
26091091028,18
26091091009,18
26091091021,18
26091091042,18
26091091020,35
26091091027,18
26091091005,18
26091091023,18
26091091013,18
26091091008,18
26091091019,18
26091091004,18
26091091003,18
26091091030,18
26091091037,18
26091091033,18
26091091018,18
26091091039,18
26091091010,18
26059059001,35
26059059024,18
26059059010,35
26059059005,35
26059059013,35
26059059022,18
26059059003,35
26059059017,35
26059059008,35
26059059007,35
26059059014,35
26059059002,35
26059059009,35
26059059023,18
26059059021,35
26059059019,35
26091091036,18
26115115044,20
26149149016,9
26149149023,9
26075075049,35
26149149002,9
26075075058,18
26149149001,9
26149149026,9
26091091041,18
26149149018,9
26149149020,9
26149149019,9
26149149006,9
26149149021,9
26149149022,9
26163163706,25
26099099178,31
26163163926,31
26099099307,8
26099099253,8
26099099249,8
26099099236,8
26099099048,8
26099099184,31
26099099293,8
26099099037,31
26099099057,8
26163163688,31
26099099042,31
26099099182,31
26163163693,31
26099099242,8
26099099086,31
26099099188,31
26099099091,8
26099099306,8
26099099193,31
26099099198,31
26099099028,31
26099099262,8
26099099035,8
26099099060,8
26099099308,8
26099099261,8
26099099187,31
26099099046,8
26163163408,25
26099099043,8
26099099258,8
26099099274,8
26099099309,8
26099099045,31
26163163703,25
26099099176,31
26099099190,31
26099099044,8
26099099087,8
26163163409,25
26163163407,25
26163163702,25
26163163325,25
26163163705,25
26099099310,8
26099099092,8
26163163328,25
26099099194,31
26099099049,8
26099099251,8
26163163701,25
26099099040,31
26099099036,8
26163163414,25
26099099090,31
26163163692,25
26099099191,31
26099099034,31
26099099234,8
26099099172,25
26099099256,8
26099099240,8
26099099241,8
26099099239,8
26099099180,31
26099099195,31
26099099041,8
26099099179,31
26099099174,25
26099099050,8
26099099030,31
26099099254,8
26099099199,31
26099099192,31
26099099185,31
26099099305,8
26099099056,31
26163163327,25
26163163416,25
26099099181,31
26099099200,31
26099099196,31
26099099260,8
26163163405,25
26163163689,31
26099099038,31
26099099265,8
26163163326,25
26099099183,31
26099099255,8
26099099051,8
26099099032,8
26163163690,25
26099099263,8
26099099065,8
26099099189,31
26125125431,17
26099099264,8
26099099068,8
26099099317,8
26099099233,8
26099099248,8
26099099197,31
26099099259,8
26099099318,8
26099099250,8
26099099315,25
26099099055,31
26099099089,8
26099099235,8
26163163431,25
26099099186,31
26163163987,24
26163163739,24
26163163562,29
26163163097,24
26163163009,24
26163163075,23
26163163878,24
26163163096,24
26163163899,24
26163163610,23
26163163876,24
26163163789,29
26163163905,21
26163163732,24
26163163848,29
26163163635,23
26163163005,24
26163163076,23
26163163073,23
26163163575,29
26163163007,24
26163163874,24
26163163570,24
26163163650,24
26163163563,29
26163163004,24
26163163579,29
26163163790,29
26163163788,29
26163163787,29
26163163074,23
26163163847,29
26163163571,23
26163163081,23
26163163988,24
26163163560,29
26163163576,29
26163163003,24
26163163648,29
26163163144,24
26163163879,24
26163163989,24
26163163741,24
26163163906,21
26163163012,24
26163163877,24
26163163002,24
26163163982,24
26163163791,29
26163163565,29
26163163014,24
26163163742,24
26163163734,24
26163163567,29
26163163573,29
26163163010,24
26163163649,29
26163163898,24
26163163015,24
26163163001,24
26163163736,29
26163163574,29
26163163738,24
26163163872,24
26163163849,29
26163163875,24
26163163091,24
26163163095,24
26163163636,23
26163163013,24
26163163077,23
26163163894,24
26163163092,24
26163163983,24
26163163986,24
26163163901,24
26163163735,24
26163163089,24
26163163087,23
26163163633,23
26163163651,29
26163163011,24
26163163869,24
26163163870,24
26163163569,29
26163163900,21
26163163873,24
26163163984,24
26163163561,29
26163163006,24
26163163733,24
26163163985,24
26163163871,24
26163163578,29
26163163577,29
26163163566,29
26163163850,29
26163163145,24
26163163731,29
26163163846,29
26163163090,24
26163163094,24
26163163737,24
26163163564,29
26163163572,29
26163163903,21
26163163902,21
26163163008,24
26163163080,23
26163163981,24
26163163740,24
26163163078,23
26163163980,24
26065065108,27
26093093069,5
26093093075,5
26093093062,0
26093093068,5
26093093048,0
26093093019,5
26161161069,18
26093093073,5
26093093050,0
26093093074,5
26093093061,5
26093093066,5
26093093081,5
26093093070,5
26065065002,35
26093093064,5
26093093076,5
26093093065,5
26065065051,35
26093093057,5
26065065110,35
26093093063,0
26093093067,5
26093093026,5
26093093018,5
26161161060,18
26093093049,0
26065065102,35
26093093059,5
26093093022,5
26093093058,5
26093093072,5
26093093024,5
26161161066,5
26075075030,18
26093093056,5
26075075056,18
26161161061,5
26161161065,5
26093093060,5
26075075015,18
26075075041,18
26075075011,18
26075075033,18
26075075046,35
26075075001,18
26075075051,35
26075075012,18
26075075036,18
26075075050,35
26075075042,18
26075075062,35
26075075032,18
26075075002,35
26075075025,18
26075075031,18
26075075024,18
26075075029,18
26075075034,18
26075075061,18
26075075016,35
26075075060,18
26075075035,18
26075075020,18
26075075018,18
26075075005,35
26075075048,35
26075075028,18
26075075010,18
26065065003,35
26065065084,35
26065065087,35
26161161074,5
26065065006,35
26065065032,26
26065065109,18
26065065088,35
26075075023,18
26075075054,18
26065065114,35
26075075017,18
26075075055,18
26075075063,18
26161161070,18
26065065083,35
26065065086,35
26075075052,35
26075075019,18
26075075004,35
26075075057,18
26065065005,27
26075075021,18
26065065004,35
26075075047,35
26075075003,35
26075075027,18
26075075026,18
26075075022,18
26065065111,35
26161161116,5
26093093023,5
26107107010,11
26107107014,11
26107107008,13
26107107019,11
26107107005,11
26107107015,13
26107107009,11
26107107016,11
26107107004,11
26107107012,11
26107107001,11
26107107006,11
26117117023,7
26117117001,7
26117117030,7
26117117026,7
26117117020,7
26117117005,7
26081081038,12
26081081011,12
26123123002,11
26117117025,7
26123123022,11
26123123004,11
26123123030,11
26123123020,11
26123123027,11
26123123003,11
26123123019,11
26123123008,11
26123123015,11
26123123029,11
26123123024,11
26123123010,11
26123123026,11
26123123025,11
26123123016,11
26123123011,11
26123123021,11
26123123028,11
26123123012,11
26123123023,11
26123123009,11
26123123006,11
26123123014,11
26123123007,11
26123123013,11
26081081188,7
26127127012,11
26127127013,11
26081081206,12
26127127010,11
26127127018,11
26127127008,11
26127127007,11
26127127009,11
26121121065,11
26121121004,11
26121121067,11
26121121005,11
26121121022,11
26127127004,11
26121121011,11
26081081051,12
26127127001,11
26121121001,11
26127127015,11
26121121066,11
26127127006,11
26127127002,11
26127127003,11
26127127016,11
26081081013,12
26127127014,11
26139139009,12
26081081054,12
26081081052,12
26035035007,13
26035035014,13
26035035004,13
26035035006,13
26035035018,13
26123000002,11
26085085011,11
26085085012,11
26085085007,11
26085085008,11
26127127005,11
26121121021,11
26085085003,11
26121121007,11
26085085010,11
26085085015,11
26085085014,11
26085085006,11
26085085009,11
26085085002,11
26085085013,11
26085085001,11
26127127011,11
26121121017,11
26127127017,11
26133133018,13
26133133014,11
26133133006,13
26133133004,13
26133133003,13
26133133013,13
26133133015,11
26133133002,11
26133133012,13
26081081186,12
26081081207,12
26105105002,11
26105105019,11
26105105006,11
26105105022,11
26105105018,11
26105105017,11
26105105003,11
26081081010,12
26105105012,11
26105105004,11
26081081208,12
26105105011,11
26081081053,12
26105105008,11
26105105025,11
26105105007,11
26105105021,11
26081081202,12
26105105023,11
26105105009,11
26081081205,12
26105105024,11
26081081210,12
26105105001,11
26105105013,11
26105105015,11
26105105020,11
26105105010,11
26105105014,11
26081081012,12
26081081009,12
26081081204,12
26081081040,12
26081081187,12
26081000002,7
26107107002,11
26107107013,11
26107107017,7
26107107003,11
26049049128,26
26145145025,4
26145145026,26
26145145056,7
26049049184,4
26145145010,4
26145145075,7
26049049173,26
26049049176,26
26049049144,4
26145145003,4
26145145001,26
26049049174,26
26145145058,7
26145145031,26
26049049132,26
26049049138,2
26049049101,4
26049049116,4
26087087027,2
26049049130,26
26049049210,2
26049049093,4
26049049100,4
26049049145,4
26049049067,4
26049049216,4
26049049118,4
26049049064,4
26049049208,2
26049049179,4
26049049211,2
26049049189,4
26145145079,7
26145145074,7
26145145002,4
26145145017,4
26145145045,4
26145145043,4
26145145008,4
26049049114,4
26049049069,4
26155155010,26
26145145067,26
26145145034,7
26145145011,4
26145145054,7
26049049126,26
26145145060,7
26145145005,4
26145145049,4
26049049136,2
26157157009,2
26145145009,4
26049049143,4
26145145068,26
26049049051,4
26157157004,2
26145145055,7
26157157026,2
26145145024,4
26145145063,7
26111111010,6
26157157028,2
26049049129,26
26049049133,26
26049049115,4
26049049102,4
26049049188,4
26157157023,2
26049049187,4
26049049024,2
26049049135,26
26049049066,4
26049049119,4
26049049137,2
26049049181,4
26049049127,26
26049049175,26
26049049134,26
26049049212,4
26157157003,2
26157157024,2
26157157027,2
26049049191,4
26049049131,26
26049049182,4
26145145052,7
26049049050,4
26145145077,7
26145145073,7
26145145066,6
26049049213,4
26145145023,4
26049049190,4
26145145070,26
26049049180,4
26145145033,7
26049049215,4
26145145004,4
26145145059,7
26049049146,2
26145145078,7
26145145044,4
26145145039,4
26145145081,7
26145145069,4
26145145007,26
26145145046,4
26145145027,7
26145145048,4
26145145050,4
26145145071,26
26145145072,26
26145145076,7
26145145064,7
26145145051,7
26145145057,7
26145145012,4
26145145053,7
26049049177,26
26049049209,2
26049049178,4
26049049214,2
26049049117,4
26099099213,14
26099099220,14
26099099337,14
26125125010,19
26125125012,19
26099099207,14
26125125296,14
26125125301,14
26125125327,14
26125125276,28
26125125322,14
26099099336,14
26125125231,14
26099099230,31
26125125319,14
26099099215,14
26125125170,28
26099099209,8
26125125297,14
26099099210,31
26125125332,14
26125125306,14
26125125252,19
26125125324,14
26125125289,28
26125125309,14
26099099212,14
26125125315,14
26125125299,14
26125125278,28
26125125032,28
26125125300,14
26125125329,14
26125125225,14
26125125011,19
26125125227,14
26099099206,8
26099099334,14
26099099225,14
26099099330,14
26125125290,28
26099099217,14
26125125230,14
26125125292,28
26125125042,17
26125125280,28
26099099331,14
26125125317,14
26099099218,14
26125125330,14
26125125308,14
26099099211,14
26125125310,14
26125125304,14
26099099275,8
26125125281,28
26125125006,19
26099099333,14
26125125226,14
26125125275,28
26125125318,14
26125125053,17
26125125305,14
26125125260,19
26125125007,19
26125125250,14
26125125313,14
26125125420,17
26125125291,28
26125125419,19
26099099219,14
26125125321,14
26125125293,28
26125125283,28
26125125295,14
26099099214,14
26125125282,28
26099099335,14
26099099273,8
26099099222,14
26125125054,28
26099099226,14
26099099228,14
26099099208,14
26099099202,31
26125125328,14
26125125061,28
26125125009,19
26125125326,14
26125125316,14
26099099216,14
26125125004,19
26099000011,14
26099099205,31
26125125311,14
26125125228,14
26125125331,14
26125125261,14
26125125307,14
26125125312,14
26125125294,28
26125125302,14
26125125277,28
26125125298,14
26099099201,14
26125125314,14
26125125303,14
26125125251,14
26139139053,34
26139139057,34
26139139028,1
26139139071,34
26139139015,1
26139139046,34
26139139099,1
26139139061,34
26081081158,10
26081081160,10
26081081156,10
26005005040,34
26005005011,34
26005005019,34
26005005013,34
26005005025,34
26005005043,34
26005005029,34
26005005035,34
26005005012,34
26005005017,34
26005005018,34
26005005037,34
26005005014,34
26005005024,34
26005005007,34
26005005038,34
26005005039,34
26005005021,34
26005005023,34
26005005020,34
26081081221,12
26081081159,10
26081081161,12
26139139010,1
26139139023,1
26139139107,34
26139139050,34
26139139106,34
26139139018,1
26139139063,34
26139139055,34
26139139062,34
26139139073,34
26139139008,1
26081081252,10
26139139022,1
26139139069,1
26139139016,1
26139139031,1
26139139066,1
26139139098,1
26139139081,34
26139139048,34
26139139101,1
26139139065,34
26139139024,1
26139139080,34
26139139102,34
26139139070,1
26139139051,34
26139139025,1
26139139029,1
26139139068,1
26139139058,34
26139139074,1
26139139060,34
26139139067,1
26139139083,34
26139139007,1
26139139075,34
26139139044,34
26139139056,34
26139139054,34
26139139076,34
26139139072,1
26139139019,1
26139139097,12
26139139030,1
26139139103,34
26139139017,1
26139139079,34
26139139052,34
26139139045,34
26139139021,1
26139139077,34
26139139047,34
26139139104,34
26139139026,1
26139139086,1
26139139049,34
26139139064,34
26139139105,34
26139139108,34
26139000004,34
26139139059,34
26139139027,1
26139139020,1
26049049197,0
26049049075,4
26049049028,2
26125125150,0
26049049077,4
26049049094,4
26049049059,4
26049049013,4
26049049158,4
26049049011,4
26049049010,2
26049049017,2
26049049147,2
26049049112,4
26049049079,4
26049049193,0
26049049062,4
26049049167,4
26049049014,2
26049049083,4
26049049125,0
26049049111,4
26049049021,0
26049049165,0
26049049163,0
26049049009,2
26049049109,4
26049049061,4
26125125335,0
26049049085,4
26049049164,0
26049049207,0
26049049032,2
26049049157,0
26049049072,4
26049049080,4
26125125418,19
26125125413,19
26125125415,19
26125125414,19
26049000016,0
26125125417,19
26125125132,19
26125125148,0
26049049088,4
26049049107,4
26049049058,4
26049049090,4
26049049060,4
26125125416,19
26049049033,2
26049049098,4
26049049026,2
26049049160,0
26049049106,4
26049049004,2
26049049202,2
26049049073,4
26049049153,0
26049049037,2
26049049156,4
26125125412,19
26049049124,0
26049049034,2
26049049186,4
26049049110,4
26049049097,4
26049049027,2
26049049089,4
26049049057,4
26049049036,2
26049049071,4
26049049113,4
26049049053,4
26049049031,2
26049049087,4
26049049151,2
26049049086,4
26049049092,4
26049049203,2
26049049154,0
26049049020,0
26049049055,4
26049049108,4
26049049019,2
26049049159,0
26049049084,4
26049049169,0
26049049012,2
26049049150,2
26049049022,0
26049049206,0
26049049168,0
26049049162,4
26049049008,2
26049049105,4
26049049016,2
26049049103,4
26049049123,0
26049049122,4
26049049120,4
26049049104,4
26049049082,4
26049049099,4
26049049148,2
26125125334,0
26049049198,0
26049049076,4
26049049049,4
26049049078,4
26049049081,4
26049049070,4
26049049192,0
26049049152,0
26049049166,4
26049049096,4
26049049091,4
26049049185,4
26049000017,0
26049049121,4
26049049095,4
26049049201,2
26049049052,4
26049049025,2
26049049065,4
26049049056,4
26049049029,2
26049049161,0
26049049205,0
26049049054,4
26049049074,4
26049049068,4
26049049018,2
26049049149,2
26049049030,2
26049049063,4
26049049035,2
26049049155,0
26049049204,0
26049049015,2
26081081030,15
26081081062,15
26081081128,10
26081081164,10
26081081172,10
26081081065,10
26081081031,15
26081081177,15
26081081241,10
26081081157,12
26081081122,10
26081081228,10
26081081068,15
26081081085,10
26081081171,15
26081081136,10
26081081143,10
26081081061,15
26081081073,10
26081081034,15
26081081249,10
26081081176,15
26081081137,10
26081081239,10
26081081224,10
26081081121,10
26081081247,10
26081081170,10
26081081059,10
26015015019,15
26081081223,10
26081081174,15
26081081056,10
26081081230,10
26081081145,10
26081081232,12
26081081146,10
26015015021,15
26081081066,15
26081081125,10
26081081225,10
26015015012,15
26081081057,10
26081081234,12
26081081229,10
26081081142,10
26081081126,10
26081081166,10
26081081180,15
26081081168,10
26081081140,10
26081081246,10
26081081084,10
26081081032,15
26081081245,10
26081081050,15
26081081231,10
26081081133,15
26081081072,10
26081081242,10
26081081250,10
26081081240,10
26081081033,15
26081081093,10
26081081048,15
26081081238,10
26081081127,15
26081081138,10
26081081173,10
26081081169,10
26081081060,10
26081081063,15
26081081055,10
26081081069,15
26081081120,10
26081081165,10
26081081175,15
26081081029,15
26081081131,10
26081081251,10
26081081237,12
26081081123,10
26081081243,10
26081081141,10
26081081139,10
26081081167,10
26081081067,15
26081081181,15
26081081132,10
26081081144,10
26081081244,10
26081081124,10
26015015020,15
26081081178,15
26081081226,10
26081081248,10
26081081227,10
26081081058,10
26081081130,10
26081081047,15
26081081134,10
26081081233,12
26125125279,28
26125125084,33
26125125459,19
26125125482,33
26125125077,33
26125125515,5
26125125504,19
26125125167,19
26125125165,19
26125125491,19
26125125193,5
26125125088,33
26125125451,19
26125125470,19
26125125498,33
26125125471,19
26125125145,0
26125125512,33
26125125102,33
26125125463,19
26125125472,19
26125125163,19
26125125499,33
26125125492,33
26125125497,33
26125125081,5
26125125457,19
26125125158,19
26125125460,19
26125125286,28
26125125456,19
26125125161,19
26125125487,19
26125125502,19
26125125511,19
26125125458,19
26125125473,19
26125125462,19
26125125287,28
26125125495,16
26125125160,19
26125125494,33
26125125466,19
26125125464,19
26125125489,19
26125125485,16
26125125098,16
26125125469,19
26125125500,19
26125125510,19
26125125501,19
26125125074,33
26125125249,19
26125125078,33
26125125285,28
26125125509,19
26125125479,33
26125125481,16
26125125140,0
26125125085,33
26125125133,19
26125125474,19
26125125162,19
26125125505,19
26125125166,19
26125125169,19
26125125455,19
26125125486,16
26125125468,28
26125125080,5
26125125503,19
26125125478,33
26125125476,33
26125125488,33
26125125507,19
26125125087,33
26125125284,28
26125125079,33
26125125064,19
26125125159,19
26125125168,19
26125125461,19
26125125508,19
26125125465,19
26125125454,19
26125125506,19
26125125475,16
26125125493,16
26125125083,33
26125125480,16
26125125467,19
26125125086,33
26125125288,28
26125125082,33
26081081075,12
26081081150,15
26081081016,12
26081081117,10
26081081100,12
26081081005,12
26081081036,12
26081081216,12
26081081148,15
26081081110,12
26081081088,12
26081081035,12
26081081083,12
26081081222,12
26081081198,12
26081081201,12
26081081008,15
26081081078,12
26081081003,15
26081081113,10
26081081219,12
26081081135,10
26081081077,12
26081081082,12
26081081001,15
26081081214,12
26081081002,15
26081081089,12
26081081220,12
26081081096,12
26081081195,12
26081081046,15
26081081105,10
26081081114,10
26081081108,12
26081081081,12
26081081044,15
26081081043,15
26081081099,10
26081081154,15
26081081112,12
26081081074,12
26081081107,12
26081081215,12
26081081155,15
26081081095,10
26081081199,12
26081081106,12
26081081098,12
26081081236,12
26081081094,10
26081081014,12
26081081196,12
26081081119,10
26081081045,15
26081081090,12
26081081079,12
26081081015,12
26081081153,12
26081081194,12
26081081101,12
26081081218,12
26081081111,12
26081081087,10
26081081004,15
26081081071,12
26081081007,15
26081081217,12
26081081151,15
26081081192,12
26081081104,12
26081081019,12
26081081109,10
26081081006,15
26081081086,12
26081081041,15
26081081149,10
26081081042,15
26081081147,15
26081081191,12
26081081115,10
26081081203,12
26081081097,10
26081081070,12
26081081179,15
26081081037,12
26081081118,12
26081081152,15
26081081235,12
26081081091,12
26081081200,12
26139139100,12
26081081116,10
26081081102,10
26081081018,12
26081081017,12
26081081049,15
26081081185,15
26081081193,12
26081081092,12
26081081080,12
26081081197,12
26081081103,10
26081081129,10
26057057018,7
26081081039,12
26117117002,7
26117117013,7
26117117027,7
26117117024,7
26117117016,7
26117117019,7
26117117012,7
26117117003,7
26117117022,7
26067067022,15
26037037006,15
26067067010,15
26037037019,26
26037037008,15
26081081183,15
26015015022,27
26037037027,15
26015015005,15
26015015001,27
26067067026,7
26015015006,27
26117117007,7
26117117014,7
26117117006,7
26117117010,7
26117117017,7
26117117008,7
26117117011,7
26117117028,7
26117117015,7
26117117018,7
26117117029,7
26117117004,7
26117117009,7
26067067008,15
26081081163,15
26025025019,27
26025025055,27
26025025056,27
26025025050,35
26081081162,7
26025025043,35
26025025036,35
26067067019,15
26081081189,7
26025025018,27
26067067011,15
26067067032,15
26025025045,35
26025025038,35
26025025037,27
26025025054,27
26067067004,15
26067067030,15
26067067025,7
26025025051,27
26067067031,15
26067067001,7
26067067027,27
26067067012,15
26025025048,35
26067067006,15
26067067020,15
26067067007,15
26067067016,15
26025025017,27
26025025049,35
26067067009,27
26067067005,15
26067067003,7
26067067017,15
26025025032,27
26073073010,7
26025025016,27
26067067021,15
26067067029,15
26025025020,27
26067067024,15
26067067018,15
26081081212,15
26067067023,15
26067067002,7
26067067028,15
26067067014,15
26037037023,15
26067067015,15
26067067013,15
26081081020,15
26081081213,15
26081081190,7
26045045043,27
26037037032,26
26045045008,27
26037000002,27
26037037034,15
26045045041,27
26045045047,27
26045045034,27
26045045042,27
26081081184,15
26015015014,27
26057057014,15
26045045035,27
26045045036,27
26045045001,27
26081081209,7
26045045038,27
26081081182,15
26045045048,27
26045045005,27
26045045004,27
26045045007,27
26045045027,27
26057057019,7
26045045046,27
26045045033,27
26045045009,27
26045045045,27
26045045006,27
26163163410,25
26163163434,25
26163163505,23
26163163557,23
26163163526,29
26163163381,25
26163163531,29
26163163401,25
26163163341,29
26163163379,29
26163163412,25
26163163469,29
26163163533,29
26163163503,23
26163163537,23
26163163517,23
26163163390,25
26163163377,29
26163163490,23
26163163481,23
26163163545,23
26163163388,25
26163163684,25
26163163687,25
26163163502,23
26163163397,29
26163163521,29
26163163418,25
26163163524,29
26163163467,29
26163163430,25
26163163375,29
26163163428,25
26163163441,29
26163163072,23
26163163541,23
26163163454,29
26163163550,23
26163163534,23
26163163559,23
26163163392,25
26163163456,29
26163163704,25
26163163426,25
26163163528,29
26163163682,31
26163163513,23
26163163463,29
26163163343,29
26163163443,25
26099099279,31
26163163514,23
26163163512,23
26163163473,29
26163163451,29
26163163544,23
26163163345,29
26163163340,29
26163163383,29
26163163420,25
26163163395,25
26163163556,23
26163163439,29
26163163479,29
26163163459,29
26163163446,29
26163163677,31
26163163548,23
26163163515,23
26163163477,29
26163163419,25
26163163389,25
26163163452,29
26163163448,29
26163163540,23
26163163539,23
26163163453,29
26163005125,29
26163163484,23
26163163691,25
26163163542,23
26163163549,23
26163163071,23
26163163406,25
26163163415,25
26163163462,29
26163163535,23
26163163393,25
26163163638,23
26163163445,29
26163163399,29
26163163376,29
26163163558,23
26163163421,25
26163163680,31
26163163676,31
26163163525,29
26163163391,25
26163163510,23
26163163468,29
26163163482,23
26163163683,25
26163163580,29
26163163699,23
26163163461,29
26163163488,23
26163163378,29
26163163476,29
26163163424,29
26163163518,29
26163163387,25
26163163568,23
26163163449,23
26163163674,31
26163163509,23
26163163675,31
26163163425,29
26163163403,25
26163163380,29
26163163464,29
26163163493,23
26163163427,29
26163163385,25
26163163483,23
26163163455,29
26163163475,29
26163163386,25
26163163444,25
26163163685,25
26163163470,29
26163163432,25
26163163394,25
26163163679,31
26163163440,29
26163163423,25
26163163547,23
26163163516,23
26163163551,29
26163163500,23
26163163398,29
26163163374,29
26163163506,23
26163163438,29
26163163527,29
26163163538,23
26163163436,25
26163163411,25
26163163429,25
26163163480,23
26163163433,25
26163163447,29
26163163474,29
26163163532,29
26163163678,31
26163163442,25
26163163686,25
26163163700,23
26163163507,23
26163163529,29
26163163382,25
26163163555,29
26163163465,29
26163163402,25
26163163520,29
26163163472,29
26163163698,23
26163163487,29
26163163450,29
26163163546,23
26163163417,25
26163163457,29
26163163552,23
26163163508,23
26163163523,29
26163163519,29
26163163485,23
26163163413,25
26163163554,23
26163163344,29
26163163489,23
26163163458,29
26163163543,23
26163163404,25
26163163927,31
26163163342,29
26163163530,29
26163163466,29
26163163422,25
26163163553,23
26163163400,25
26163163486,29
26163163511,23
26163163396,25
26163163536,23
26163163384,25
26163163478,29
26163163471,29
26163163501,23
26163163681,25
26163163437,29
26163163522,29
26163163460,29
26163163240,23
26163163498,23
26163163353,29
26163163367,29
26163163320,25
26163163324,25
26099099165,25
26163163711,23
26163163305,29
26163163311,25
26163163709,23
26163163334,29
26163163313,25
26163163349,29
26163163495,23
26163163504,23
26163163491,23
26163163331,29
26163163492,23
26163163350,29
26163163241,23
26163163494,23
26163163499,23
26163163318,25
26099099076,25
26099099169,25
26163163329,29
26163163336,29
26163163697,23
26163163316,25
26099099316,8
26163163308,25
26163163364,29
26099099304,8
26099099311,25
26099099302,25
26099099294,8
26099099313,25
26099099319,25
26099099077,25
26099099078,25
26163163238,23
26163163365,29
26163163317,25
26163163237,23
26163163321,25
26099099289,29
26099099171,25
26099099291,8
26099099301,25
26099099163,25
26099099303,25
26163163708,23
26163163319,25
26099099088,31
26163163309,29
26099099327,8
26099099328,25
26099099080,25
26099099322,25
26099099081,25
26163163337,29
26163163312,25
26163163332,23
26163163322,25
26163163330,25
26099099009,25
26163163232,23
26099099085,25
26099099166,25
26099099314,25
26099099168,25
26163163372,25
26163163239,28
26163163696,23
26163163371,29
26163163323,25
26099099175,25
26099099084,25
26099099326,29
26099099312,25
26163163355,29
26163163707,23
26163163369,29
26099099010,25
26163163314,25
26099099011,25
26163163339,29
26099099292,8
26163163354,29
26163163310,25
26163163435,25
26163163373,29
26163163370,29
26163163713,23
26099099283,29
26099099082,25
26099099321,25
26163163229,28
26163163368,29
26163163315,25
26099099008,25
26163163356,29
26099099325,25
26099099300,25
26163163333,29
26099099177,25
26163163338,29
26099099324,25
26099099074,25
26163163351,29
26163163230,23
26099099075,25
26099099072,25
26099099079,25
26163163236,23
26163163347,29
26163163233,28
26163163306,29
26099099299,25
26163163352,29
26163163710,23
26163163366,29
26163163307,29
26099099167,25
26163163694,23
26099099007,25
26099099290,29
26099099173,25
26099099164,8
26163163348,29
26099099282,29
26099099323,25
26163163695,23
26099099170,25
26099099073,25
26099099083,25
26163163335,29
26107107018,11
26057057020,26
26145145030,7
26107107021,7
26107107011,13
26107107020,13
26057057003,7
26057057013,7
26057057010,7
26057057009,26
26057057002,7
26057057012,7
26057057011,7
26037037022,26
26037037024,15
26037037033,26
26037037011,26
26037037009,26
26037037021,15
26037037026,26
26037037018,26
26037037013,26
26037037007,26
26155155012,26
26155155019,0
26155155009,26
26155155020,0
26155155021,0
26155155026,26
26155155014,0
26155155013,26
26111111045,6
26111111006,7
26155155017,0
26155155016,0
26111111052,7
26111111038,6
26111111003,7
26111111033,6
26111111019,7
26155155018,0
26073073005,7
26073073021,7
26073073006,7
26073073025,7
26155155015,0
26073073015,7
26073073011,7
26155000001,26
26073073004,7
26073073022,7
26057057001,7
26057057021,7
26057057016,7
26073073013,7
26073073017,7
26073073023,7
26111111011,7
26037037029,26
26037037025,26
26111111020,7
26037037030,26
26111111042,6
26037037010,26
26111111023,6
26111111041,6
26037037012,26
26111111007,7
26037037028,26
26111111043,6
26111111005,7
26111111025,6
26073073003,7
26073073014,7
26073073002,7
26073073019,7
26073073026,7
26073073007,7
26073073009,7
26073073012,7
26057057008,15
26073073020,7
26073073001,7
26073073016,7
26073073024,7
26145145032,26
26145145028,7
26111111039,6
26111111022,6
26073073008,7
26073073018,7
26145145083,6
26145145006,26
26145145021,26
26145145022,26
26017017032,6
26017017001,6
26111111029,6
26017017046,6
26111111032,6
26111111004,7
26111111013,7
26111111014,7
26111111037,6
26111111016,6
26111111024,6
26111111028,6
26111111021,7
26111111026,6
26111111034,7
26111111015,7
26145145020,26
26111111044,6
26111111036,6
26111111017,6
26111111027,6
26111111031,6
26111111012,7
26111111040,6
26111111035,6
26111111002,7
26111111009,6
26111111051,7
26057057004,7
26057057006,26
26057057005,7
26057057015,7
26057057017,7
26057057007,7
26111111030,6
26111111018,6
26049049196,0
26065065094,26
26049049041,0
26065065113,26
26093093030,5
26125125146,0
26049049139,0
26093093027,5
26049049002,0
26093093054,0
26093093003,5
26093000002,0
26093093079,0
26049049003,0
26093093006,5
26093093080,0
26093093002,5
26049049001,0
26093093015,0
26093093014,0
26093093004,5
26093093001,5
26125125142,0
26093093017,5
26093093077,0
26049049170,0
26093093013,5
26125125149,0
26093093055,0
26093093005,5
26049049045,0
26093093053,0
26093093011,5
26049049044,0
26065065090,26
26049049039,0
26049049047,0
26065065101,35
26093093071,5
26065065091,26
26093093051,0
26037037017,26
26037037031,26
26093093078,0
26037037004,26
26093093028,5
26093093010,5
26037037014,26
26093093016,0
26037037001,26
26037004042,27
26037037016,26
26049049046,0
26049049172,0
26155155002,0
26155155028,0
26155155001,0
26155155032,0
26155155027,26
26049049023,0
26155155006,0
26155155024,0
26155155003,0
26049049048,0
26155155005,0
26155155031,0
26155155033,26
26049049140,0
26155155029,0
26155155011,26
26155155004,0
26155155025,0
26155155007,0
26155155008,0
26155155023,0
26049049043,0
26049049042,0
26037037005,26
26037037003,26
26037037002,26
26037037020,26
26125125147,0
26037037015,26
26125125333,0
26125125139,0
26049049171,0
26125125141,0
26049049038,0
26049049199,0
26065065117,26
26065065115,26
26065065118,26
26049049200,0
26065065092,26
26125125143,0
26065065081,26
26049049141,0
26049049195,0
26065065096,26
26065065097,26
26065065093,26
26065065107,26
26049049040,0
26065065089,26
26065065085,26
26065065098,26
26125125144,0
26065065095,26
26049049194,0
26049049142,0
26125000002,0
26093093021,5
26093093020,5
26093093052,0
26163163210,16
26163163201,21
26163163647,21
26163163246,28
26163163841,16
26163163183,16
26163163825,16
26163163182,16
26163163603,21
26163163608,21
26163163835,16
26163163204,21
26163163298,28
26163163157,16
26163163292,21
26163163304,28
26163163296,28
26163163211,21
26163163627,23
26163163634,23
26163163606,21
26163163203,16
26163163187,21
26163163645,23
26163163179,21
26163163615,23
26163163600,21
26163163235,28
26163163120,23
26163163640,23
26163163178,16
26163163079,23
26163163295,28
26163163614,23
26163163174,21
26163163209,16
26163163596,21
26163163830,16
26163163744,33
26163163215,21
26163163624,23
26163163301,28
26163163626,23
26163163242,28
26163163206,21
26163163294,28
26163163843,21
26163163185,16
26163163247,28
26163163585,23
26163163277,28
26163163180,16
26163163496,23
26163163628,28
26163163243,23
26163163196,21
26163163273,28
26163163595,21
26163163613,23
26163163147,21
26163163280,28
26163163245,28
26163163268,28
26163163200,21
26163163121,23
26163163785,33
26163163191,21
26163163629,23
26163163644,23
26163163832,16
26163163829,16
26163163189,21
26163163618,28
26163163244,23
26163163826,16
26163163604,21
26163163190,21
26163163581,23
26163163290,16
26163163222,21
26163163497,23
26163163220,21
26163163756,33
26163163214,21
26163163123,21
26163163593,23
26163163181,16
26163163844,21
26163163622,23
26163163597,21
26163163279,28
26163163297,28
26163163743,33
26163163192,21
26163163124,21
26163163216,21
26163163194,21
26163163643,23
26163163641,23
26163163168,21
26163163212,21
26163163197,21
26163163148,21
26163163263,28
26163163223,16
26163163583,23
26163163607,23
26163163202,21
26163163264,28
26163163642,23
26163163234,28
26163163084,23
26163163213,28
26163163586,23
26163163217,21
26163163602,23
26163163149,21
26163163266,28
26163163302,28
26163163184,16
26163163199,21
26163163173,16
26163163631,23
26163163278,28
26163163207,21
26163163632,23
26163163625,23
26163163248,28
26163163260,28
26163163221,21
26163163612,23
26163163218,21
26163163605,21
26163163082,23
26163163219,21
26163163303,21
26163163616,23
26163163293,28
26163163620,23
26163163587,23
26125125360,28
26163163623,23
26163163599,21
26163163609,23
26163163637,23
26163163195,21
26163163119,21
26163163228,28
26163163262,28
26163163208,21
26163163836,16
26163163646,23
26163163300,28
26163163611,23
26163163842,16
26163163837,21
26163163845,21
26163163774,33
26163163827,16
26163163188,21
26163163265,28
26163163198,21
26163163838,16
26163163594,21
26163163582,21
26163163619,28
26163163839,16
26163163639,23
26163163261,28
26163163193,21
26163163621,23
26163163186,16
26163163755,33
26163163630,23
26163163772,33
26163163276,28
26163163598,21
26163163205,21
26163163617,23
26163163584,23
26163163299,28
26163163823,16
26163163940,37
26163163814,37
26163163055,37
26163163103,24
26163163130,21
26163163941,37
26163163590,23
26163163724,21
26163163820,37
26163163060,37
26163163059,37
26163163040,37
26163163728,21
26163163601,23
26163163729,21
26163163952,37
26163163813,37
26163163944,21
26163163093,24
26163163033,37
26163163805,37
26163163947,37
26163163137,21
26163163815,37
26163163932,21
26163163088,23
26163163942,21
26163163044,37
26163163114,24
26163163588,23
26163163052,37
26163163965,37
26163163658,37
26163163592,23
26163163961,37
26163163112,24
26163163720,21
26163163036,37
26163163935,21
26163163045,21
26163163727,21
26163163062,37
26163163972,37
26163163954,37
26163163065,37
26163163726,21
26163163118,24
26163163042,37
26163163111,24
26163163054,37
26163163725,21
26163163662,37
26163163051,37
26163163722,37
26163163122,23
26163163101,24
26163163936,37
26163163083,23
26163163139,24
26163163043,37
26163163930,21
26163163061,21
26163163723,21
26163163116,24
26163163657,37
26163163934,37
26163163659,37
26163163106,24
26163163953,37
26163163946,37
26163163950,37
26163163030,37
26163163591,23
26163163100,23
26163163034,37
26163163107,24
26163163730,21
26163163105,24
26163163943,21
26163163109,24
26163163956,37
26163163108,24
26163163721,21
26163163939,37
26163163589,23
26163163928,21
26163163049,37
26163163086,23
26163163963,21
26163163964,21
26163163113,24
26163163132,21
26163163931,21
26163163136,21
26163163102,24
26163163968,37
26163163129,21
26163163110,24
26163163032,37
26163163933,21
26163163808,37
26163163037,37
26163163960,21
26163163929,21
26163163048,37
26163163117,24
26163163969,37
26163163115,24
26163163085,23
26163163951,21
26163163038,37
26163163140,24
26163163104,24
26163163807,37
26125125117,33
26161161096,5
26125125116,33
26163163818,5
26125125410,5
26093093034,5
26163163797,37
26125125178,5
26125125181,5
26163163804,37
26163163763,33
26125125206,33
26125125177,5
26125125219,33
26125125202,33
26093093012,5
26125125173,5
26163163812,37
26125125200,5
26125125174,5
26093093032,5
26163163817,37
26125125110,33
26093093009,5
26093093007,5
26163163752,33
26163163794,37
26093093037,5
26163163809,37
26125125214,33
26125125452,33
26163163801,33
26093093036,5
26163163803,37
26125125223,5
26093093008,5
26163163796,37
26125125496,33
26163163793,37
26125125204,33
26125125196,5
26163163762,33
26125125194,5
26163163802,37
26125125514,5
26125125409,5
26125125099,33
26125125176,5
26125125220,33
26163163759,33
26163163776,37
26125125513,33
26125125175,5
26163163798,37
26163163799,37
26163163819,37
26163163751,33
26163163810,37
26163163069,37
26125125210,33
26125125411,5
26125125179,33
26161161094,5
26163163795,37
26125125217,33
26125125180,5
26163163748,33
26125125208,33
26163163806,37
26125125197,5
26125125205,33
26125000010,33
26125000019,33
26125000023,33
26125000003,33
26125000013,33
26125125075,33
26125125453,33
26163163800,37
26125125218,33
26125125076,33
26163163764,33
26125125216,33
26125125213,33
26125125408,5
26125125221,33
26163163749,33
26125125101,33
26163163811,37
26125125100,33
26125125198,5
26163163792,37
26163163816,37
26125125224,33
26125125195,5
26161161095,5
26125125212,33
26125125199,5
26163163750,33
26125125203,33
26125125207,33
26125125222,33
26125125215,33
26125125209,33
26125125201,33
26163163761,33
