GEOID20,assignment
26003003001,38
26003003007,38
26003003010,38
26003003005,38
26003003009,38
26003003006,38
26003003003,38
26003ZZZZZZ,38
26129129017,36
26129129004,36
26129129010,36
26129129012,36
26129129005,36
26129129014,36
26129129006,36
26129129003,36
26129129007,36
26129129013,36
26129129001,36
26129129011,36
26129129008,36
26129129002,36
26129129009,36
26129129016,36
26129129015,36
26107107015,30
26107107009,30
26107107016,30
26107107021,30
26107107011,30
26107107020,30
26107107004,30
26107107012,30
26107107001,30
26107107006,30
26003003002,38
26003003004,38
26007007017,36
26007007015,36
26007007013,36
26007007014,36
26007007016,36
26007007004,36
26007007001,36
26117117023,31
26117117001,31
26117117030,31
26117117002,31
26117117013,31
26117117027,31
26117117024,31
26117117016,31
26117117019,31
26117117012,31
26117117003,31
26117117026,31
26117117020,31
26117117022,31
26117117005,31
26037037022,25
26037037024,25
26037037033,25
26037037011,25
26037037006,25
26037037009,25
26037037021,30
26037037019,25
26037037026,25
26037037008,25
26037037017,25
26037037031,25
26037037018,25
26037037004,25
26037037027,25
26037037013,25
26037037014,25
26037037007,25
26037037001,25
26037004042,25
26037037016,25
26113113003,36
26113113005,36
26113113009,36
26117117007,31
26117117014,31
26117117025,31
26117117006,31
26117117010,31
26117117017,31
26117117008,31
26117117011,31
26117117028,31
26117117015,31
26117117018,31
26117117029,31
26117117004,31
26117117009,31
26163163318,8
26163163567,1
26163163920,2
26163163134,4
26163163513,1
26163163463,7
26163163028,2
26163163294,6
26163163843,5
26163163329,8
26163163001,4
26163163336,7
26163163346,7
26163163738,1
26163163889,1
26163163473,7
26163163875,2
26163163451,7
26163163628,6
26163163953,3
26163163063,3
26163163861,2
26163163383,8
26163163810,14
26163163670,2
26121121055,35
26121121054,35
26121121041,35
26121121067,35
26121121039,35
26121121022,35
26121121008,35
26121121006,35
26121121028,35
26121121061,31
26121121001,35
26121121010,35
26121121066,35
26121121047,35
26121121045,35
26095095001,38
26095095004,38
26095095002,38
26095ZZZZZZ,38
26157157009,27
26157157017,27
26157157007,28
26157157002,28
26157157013,28
26157157004,27
26157157001,27
26157157026,27
26157157012,28
26157157020,27
26157157025,28
26157157028,27
26157157016,27
26157157022,28
26157157014,28
26157157031,28
26157157015,27
26157157018,28
26157157011,28
26157157023,27
26157157006,28
26157157032,27
26157157030,27
26157157021,28
26047047012,37
26047047020,37
26047047008,37
26047047022,37
26047047003,37
26047047019,37
26047047021,37
26047047010,37
26047047013,37
26047047007,37
26047047011,37
26047047016,37
26047047009,37
26047047014,37
26047047023,37
26047047005,37
26047047001,37
26047047006,37
26047ZZZZZZ,37
26047047004,37
26047047017,37
26047047015,37
26057057008,30
26057057014,30
26039039005,36
26039039008,36
26039039007,36
26039039006,36
26039039010,36
26039039001,36
26039039004,36
26039039002,36
26039039003,36
26039039009,36
26047047018,37
26157157003,27
26157157024,27
26157157027,27
26157157008,27
26157157005,28
26017017029,29
26017017025,29
26017017036,29
26017017042,29
26017017013,29
26017017037,29
26017017022,30
26017017031,29
26017017023,30
26017017041,36
26017017026,29
26017017035,29
26017017020,29
26017017034,29
26017017043,29
26017017015,29
26017017030,29
26017017021,36
26017017006,29
26017017045,29
26017017039,30
26017017028,29
26017017040,36
26017017017,29
26017017009,29
26017017003,29
26017017044,29
26017017012,29
26145145039,29
26145145081,29
26145145069,27
26145145007,30
26145145083,29
26145145027,27
26145145048,29
26145145061,29
26145145006,30
26145145072,27
26121121002,31
26121121029,35
26121121009,35
26121121019,35
26121121020,35
26121121034,35
26121121021,35
26121121007,35
26121121051,35
26121121052,35
26121121027,35
26121121013,35
26121121033,35
26121121030,35
26121121036,35
26121121012,35
26121121044,35
26121ZZZZZZ,35
26121121025,35
26121121040,35
26121121024,35
26121121050,35
26121121026,35
26121121043,35
26121121057,35
26121121035,35
26121121017,35
26121121063,35
26121121018,35
26121121059,35
26121121037,35
26121121058,35
26121121032,35
26121121042,35
26121121062,35
26145145003,27
26145145021,27
26145145022,27
26145145001,27
26145145058,29
26145145013,29
26145145031,27
26007007008,36
26007007009,36
26007007002,36
26007007003,36
26007007012,36
26007007011,36
26007ZZZZZZ,36
26007007007,36
26007007006,36
26007007010,36
26007007005,36
26017017016,29
26017017033,29
26017017014,29
26017017008,29
26017017018,29
26017017019,29
26017017002,29
26017017004,29
26017017032,29
26017017005,29
26017017010,29
26017017038,29
26017017001,29
26009009003,37
26009009008,37
26009009016,37
26009009001,37
26009009004,37
26009009009,37
26009009014,37
26009009012,37
26009009005,37
26009009006,37
26009009007,37
26009009013,37
26009009015,37
26009009010,37
26009009002,37
26009009011,37
26017017011,29
26017017046,29
26017017007,29
26017017027,29
26017017024,29
26017001004,29
26159ZZZZZZ,22
26163163727,3
26163163705,10
26163163370,8
26163163440,7
26163163042,3
26163163877,2
26163163217,5
26163163551,1
26163163982,2
26163163026,2
26163163957,3
26163163374,7
26163163662,3
26163163229,6
26163163757,5
26163163766,3
26163163438,7
26163163315,8
26163163538,1
26163163884,2
26163163742,1
26163163067,3
26163163480,1
26163163068,3
26163163356,7
26163163625,1
26163163231,6
26163163260,6
26163163573,1
26163163447,7
26163163885,2
26163163025,2
26163163061,3
26163163338,7
26163163015,1
26163163657,3
26163163776,3
26163163934,3
26163163024,2
26163163798,14
26163163082,4
26163163219,5
26163163091,4
26163163271,6
26163163106,4
26163163950,3
26163163616,4
26163163293,6
26163163751,5
26163163027,2
26163163100,4
26163163069,3
26163163034,3
26163163225,6
26163163892,1
26163163700,7
26163163623,1
26163163351,8
26163163886,1
26163163077,4
26163163894,1
26163163983,2
26163163064,3
26163163901,1
26163163748,5
26163163327,9
26163163806,14
26163163924,2
26163163917,2
26163163911,2
26163163775,3
26163163087,4
26163163943,3
26163163109,4
26163163956,3
26163163195,5
26163163651,1
26163163520,7
26163163800,14
26163163352,7
26163163405,8
26163163721,3
26163163208,4
26163163869,2
26163163710,7
26163163487,1
26163163646,1
26163163870,2
26163163928,2
26163163664,3
26163163900,1
26163163361,7
26163163546,1
26163163086,4
26163163963,3
26163163938,3
26163163669,2
26163163552,1
26163163842,5
26163163523,1
26163163883,2
26163163006,1
26163163837,5
26163163858,2
26163163307,8
26163163931,2
26163163102,4
26163163968,3
26163163827,5
26163163126,4
26163ZZZZZZ,10
26163163032,3
26163163919,2
26163163764,3
26163163554,7
26163163663,3
26163163326,9
26163163198,6
26163163855,2
26163163344,7
26163163871,2
26163163291,5
26163163925,2
26163163070,3
26163163582,4
26163163489,7
26163163619,6
26163163458,7
26163163690,10
26163163839,5
26163163960,3
26163163048,3
26163163360,7
26163163927,10
26163163342,7
26163163145,4
26163163261,6
26135135004,36
26135135001,36
26135135005,36
26135135006,36
26135135003,36
26135135002,36
26135135007,36
26163163890,1
26163163895,1
26163163737,1
26163163186,5
26163163564,1
26163163773,5
26163163922,2
26081000002,31
26049000017,26
26057057004,30
26057057006,30
26057057005,30
26057057015,30
26057057017,30
26057057007,30
26057057019,30
26149149015,20
26149149024,20
26149149003,20
26149149016,20
26149149017,20
26149149023,20
26149149025,20
26149149002,20
26149149008,20
26149149009,20
26149149001,20
26149149026,20
26149149007,20
26149149018,20
26149149005,20
26149149014,20
26149149020,20
26149149019,20
26149149004,20
26149149006,20
26149149021,20
26149149010,20
26149149022,20
26107107002,30
26107107013,30
26107107017,30
26107107003,30
26107107010,30
26107107014,30
26107107008,30
26107107019,30
26107107005,30
26107107018,30
26057057018,30
26057057020,30
26145145025,27
26145145047,29
26145145085,29
26145145026,30
26145145056,29
26145145030,30
26145145010,27
26145145075,27
26163163096,4
26163163841,5
26163163183,5
26163163825,5
26163163531,7
26163163804,14
26163163154,5
26163163060,3
26163163667,2
26163163603,4
26163163270,6
26163163005,1
26163163608,4
26163163864,2
26163163412,8
26163163469,7
26163163937,3
26163163204,5
26163163408,8
26163163570,4
26163163650,1
26163163224,6
26163163031,3
26163163141,4
26163163661,3
26163163093,4
26163163313,8
26159159033,22
26159159025,22
26159159003,21
26159159028,22
26159159004,21
26159159021,22
26159159017,22
26009ZZZZZZ,37
26057057003,30
26057057013,30
26057057010,30
26057057009,30
26057057002,30
26057057012,30
26057057011,30
26163163388,8
26163163988,2
26163163687,10
26163163958,3
26163163397,8
26163163135,4
26163163144,4
26163163256,6
26163163350,7
26163163904,2
26163163163,13
26163163803,14
26163163187,5
26163163906,2
26163163019,2
26163163524,7
26163163600,4
26163163467,7
26163163120,4
26163163131,4
26163163002,1
26163163079,4
26163163111,4
26163163967,3
26163163725,3
26163163127,4
26163163209,5
26163163717,2
26163163541,4
26163163565,1
26163163215,5
26163163624,1
26163163066,3
26163163101,4
26163163534,1
26163163559,1
26163163392,8
26163163734,1
26163163284,13
26163163868,2
26137137014,36
26137137007,36
26137137012,36
26137137004,36
26137137001,36
26137137003,36
26137137008,36
26163163029,2
26163163185,5
26163163116,4
26163163736,1
26163163574,1
26163163872,2
26137137002,36
26137137013,36
26137137006,36
26137137011,36
26137137009,36
26121121023,31
26121121015,35
26121121056,35
26121121003,35
26121121031,35
26121121053,35
26121121048,35
26121121065,35
26121121004,35
26121121014,35
26121121005,35
26121121060,35
26121121038,35
26121121011,35
26121121049,35
26121121046,35
26121121016,35
26121121064,35
26163163138,4
26163163880,2
26163163735,1
26029029007,37
26029029001,37
26029029010,37
26029029005,37
26029029014,37
26029029016,37
26029ZZZZZZ,37
26029029015,37
26029029002,37
26029029020,37
26029029009,37
26029029003,37
26029029019,37
26029029013,37
26029029017,37
26029029008,37
26029029012,37
26029029006,37
26029029011,37
26029029004,37
26057057001,30
26057057021,30
26057057016,30
26071071007,38
26071071016,38
26071071003,38
26071071009,38
26071071001,38
26071071006,38
26071071004,38
26071071011,38
26071071012,38
26071071014,38
26071071015,38
26077000006,21
26077000020,21
26113113001,36
26113113004,36
26113113011,36
26113113016,36
26113113007,36
26113113014,36
26113113015,36
26113113012,36
26113113006,36
26113113013,36
26113113010,36
26113113002,36
26113113008,36
26113113017,36
26095095003,38
26151151010,28
26151151029,28
26151151001,28
26151151005,28
26151151024,28
26151151011,28
26151151028,28
26151151012,28
26151151031,28
26151151013,28
26151151008,28
26151151027,28
26151151014,28
26151151007,28
26151151022,28
26151151006,28
26151151004,28
26151151016,28
26151151017,28
26151151018,28
26151151021,28
26151151025,28
26151151002,28
26151151015,28
26151151003,28
26151151026,28
26151151023,28
26151151020,28
26151151019,28
26151151009,28
26151ZZZZZZ,28
26019019012,35
26019019006,35
26019019002,35
26019019005,35
26019019004,35
26019019003,35
26019019008,35
26019019013,35
26019019009,35
26019019010,35
26019019001,35
26019019007,35
26019019011,35
26019ZZZZZZ,35
26151151030,28
26163163750,5
26163163903,1
26163163484,1
26163163286,13
26163163977,2
26163163951,3
26163163618,6
26125125475,14
26125125093,5
26125125349,6
26125125421,12
26125125493,14
26125125430,12
26125125368,13
26125125402,13
26125125302,12
26125125480,14
26125000002,16
26125125277,13
26125125209,14
26125125086,14
26125125314,12
26125125201,14
26125125388,13
26125125303,12
26125125251,11
26125125148,16
26125125279,13
26125125373,13
26125125381,13
26125125450,12
26125125459,15
26125125482,14
26125125265,11
26125125440,12
26125125077,14
26125125515,15
26125125127,6
26125125504,15
26125125337,6
26125125296,12
26125125301,12
26125125410,15
26125125134,7
26125125178,15
26125125346,6
26125125446,12
26125125322,12
26125125119,5
26125125401,13
26125125353,6
26125125177,15
26125125231,12
26125125491,14
26125125319,12
26125125193,15
26125125268,11
26125125088,15
26125125355,6
26125125470,15
26125125173,15
26125125142,15
26125125498,14
26125125255,11
26125125247,6
26125125369,13
26125125200,15
26125125437,12
26125125149,16
26125125512,15
26125125332,12
26125125102,14
26125125110,5
26125125463,13
26125125108,5
26125125423,12
26125125436,12
26125125266,11
26125125472,15
26125125306,12
26125125156,11
26125125380,13
26125125157,15
26125125499,14
26125125497,14
26125125447,12
26125125234,6
26125125452,14
26125125289,13
26125125457,13
26125125438,12
26125125309,12
26125125376,13
26125125269,11
26125125025,6
26125125158,15
26125125299,12
26125125232,11
26125125270,11
26125125023,6
26125125125,6
26125125013,6
26125125254,11
26125125387,13
26125125017,6
26125125032,13
26125125496,14
26125125070,7
26125125359,6
26125125243,6
26125125155,6
26125125182,7
26125125196,15
26125125487,14
26125125090,5
26125125262,11
26125125194,15
26125125058,13
26125125037,13
26125125347,6
26125125514,15
26125125047,13
26125125192,7
26125125104,14
26125125409,15
26125125227,11
26125125176,15
26125125396,13
26125125220,14
26125125128,6
26125125444,12
26125125458,13
26125125120,5
26125125290,13
26125125175,15
26125125490,14
26125125462,15
26125125390,13
26125125244,6
26125125367,13
26125125065,11
26125125495,14
26125125416,15
26125125246,6
26125125494,14
26125125477,14
26125125026,6
26125125280,13
26125125464,15
26125125360,6
26125125411,15
26125125179,15
26125125330,12
26125125092,5
26125125137,7
26125125071,6
26125125035,13
26125125310,12
26125125180,15
26125125098,14
26125125208,14
26125125427,12
26125125412,15
26125125281,13
26125125095,14
26125125205,14
26125125510,15
26125125075,15
26125125006,13
26125125501,15
26125125453,14
26125125442,12
26125125074,15
26125125249,14
26125125118,5
26125125226,11
26125125078,14
26125125126,6
26125125285,13
26125125509,15
26125125062,13
26125125001,11
26125125020,6
26125125218,14
26125125275,13
26125125258,11
26125125115,5
26125125429,12
26125125481,14
26125125341,6
26125125318,12
26125125068,11
26125125053,13
26125125305,12
26125125147,16
26125125066,11
26125125007,13
26125125085,15
26125125250,11
26125125291,13
26125125049,13
26125125139,15
26125125338,6
26125125474,15
26125125189,7
26125125321,12
26125125162,15
26125125372,13
26125125293,13
26125125295,12
26125125282,13
26125125505,15
26125125435,12
26125125382,13
26125125169,14
26125125445,12
26125125216,14
26125125106,14
26125125408,15
26125125054,13
26125125468,15
26125125221,14
26125125036,13
26125125187,7
26125125503,15
26125125478,14
26125125476,14
26125125101,14
26125125061,13
26125125100,14
26125125009,13
26125125339,6
26125125334,15
26125125326,12
26125125316,12
26125125087,15
26125125441,12
26125125004,13
26125125136,7
26125125284,13
26125125233,6
26125125079,14
26125125114,5
26125125153,6
26125125357,6
26125125311,12
26125125159,15
26125125143,15
26125125239,6
26125125131,11
26125125228,12
26125125465,15
26125125212,14
26125125407,13
26125125199,15
26125125027,6
26125125203,14
26125125190,7
26125125031,13
26125125400,6
26125125331,12
26125125424,12
26125125261,11
26125125112,5
26125125399,6
26125125307,12
26125125014,6
26125125215,14
26125125057,13
26125125320,12
26125125083,15
26125125483,14
26125125018,6
26125125467,15
26125125404,13
26125125298,12
26125125433,12
26125125288,13
26125125116,5
26125125428,12
26125125082,15
26125125170,13
26125125354,7
26125125041,13
26125125263,11
26125125084,15
26125125028,6
26125125117,5
26125125150,16
26125125146,15
26125125105,14
26125125029,13
26125125010,13
26125125003,11
26125125012,13
26125125448,12
26125125096,14
26125125091,5
26125125327,12
26125125167,15
26125125236,6
26125125276,13
26125125181,15
26125125267,11
26125125362,13
26125125165,15
26125125375,13
26125125206,14
26125125379,13
26125125124,6
26125125219,14
26125125202,14
26125125241,6
26125125386,13
26125125451,15
26125125434,12
26125125394,13
26125125089,5
26125125063,11
26125125471,15
26125125253,11
26125125297,12
26125125422,12
26125125174,15
26125125145,15
26125125238,6
26125125123,6
26125125248,6
26125125072,6
26125125391,13
26125125405,13
26125125122,6
26125125335,15
26125125264,11
26125125113,5
26125125163,15
26125125164,15
26125125252,11
26125125351,6
26125125229,12
26125125492,14
26125125383,13
26125125214,14
26125125081,15
26125125324,12
26125125069,6
26125125183,7
26125125356,6
26125125005,13
26125125315,12
26125125223,14
26125125449,7
26125125460,15
26125125130,6
26125125272,6
26125125172,13
26125125129,6
26125125286,13
26125125278,13
26125125456,15
26125125185,7
26125125384,13
26125125395,13
26125125073,6
26125125393,13
26125125432,12
26125125204,14
26125125161,15
26125125002,11
26125125374,13
26125125502,15
26125125300,12
26125125511,15
26125125325,12
26125125364,13
26125125022,6
26125125329,12
26125125225,12
26125125363,13
26125125418,15
26125125397,13
26125125011,13
26125125099,14
26125125067,11
26125125242,6
26125125358,6
26125125413,15
26125125237,6
26125125473,15
26125125513,15
26125125016,6
26125125050,13
26125125439,12
26125125094,5
26125125287,13
26125125230,11
26125125019,6
26125125415,15
26125125160,15
26125125292,13
26125125151,6
26125125274,13
26125125042,13
26125125466,15
26125125259,11
26125125152,6
26125125210,14
26125125317,12
26125125489,14
26125125485,14
26125125308,12
26125125414,15
26125125365,13
26125125217,14
26125125107,5
26125125426,12
26125125304,12
26125125340,6
26125125350,6
26125125197,15
26125125469,15
26125125389,13
26125125500,15
26125125121,5
26139139035,34
26139139009,31
26139139010,32
26139139023,34
26139139088,34
26139139107,34
26139139012,34
26139139036,34
26139139050,34
26139139106,34
26139139040,34
26139139018,34
26139139063,34
26139139055,34
26139139062,34
26139139073,34
26139139008,34
26139139014,34
26125125392,13
26125125348,6
26125125479,14
26125125184,7
26125125140,15
26125125076,14
26125125342,6
26125125191,7
26125125371,13
26125125039,13
26125125260,11
26125125333,15
26125125398,6
26125125313,12
26125125420,12
26125125133,11
26125125343,6
26125125419,14
26125125103,14
26125125403,13
26125125385,13
26125125323,12
26125125361,6
26125125283,13
26125125345,6
26125125141,15
26125125166,15
26125125352,6
26125125366,13
26125125171,13
26125125008,13
26125125213,15
26125125455,15
26125125486,14
26125125154,6
26125125235,6
26125125271,11
26125125080,15
26125125111,5
26125125417,15
26125125040,13
26125125015,6
26125125488,14
26125125328,12
26125125198,15
26125125507,15
26125125484,14
26125125257,11
26125125132,11
26125125344,6
26125125431,12
26125125021,6
26125125024,6
26125125224,14
26125125336,6
26125125378,13
26125125135,7
26125125370,13
26125125245,6
26125125109,5
26125125064,11
26125125195,15
26125125097,14
26125125256,11
26125125168,15
26125125461,15
26125125508,15
26125125044,13
26125125138,7
26125125425,12
26125125240,6
26125125454,15
26125125188,7
26125125186,7
26125125207,14
26125125506,15
26125125443,12
26125125406,13
26125125377,13
26125125222,14
26125125312,12
26125125144,15
26125125294,13
26163163653,2
26163163038,3
26163163826,5
26163163918,2
26163163542,4
26163163319,8
26029029018,37
26163163071,4
26163163581,4
26163163290,5
26163163222,5
26163163761,5
26163163104,4
26163163706,10
26163163415,8
26163163462,7
26163163535,1
26163163807,14
26163163638,4
26163163445,7
26163163399,8
26163163214,6
26163163170,13
26163163814,14
26163163558,1
26163163332,7
26163163593,4
26163163818,14
26163163680,10
26163163610,4
26163163181,5
26163163763,3
26163163525,7
26163163391,8
26163163905,1
26163163372,9
26163163482,7
26163163622,1
26163163371,7
26163163683,10
26163163597,4
26163163076,4
26163163167,5
26163163699,7
26163163279,6
26163163007,1
26163163707,7
26163163743,5
26163163378,7
26163163369,8
26163163703,10
26163163314,8
26163163812,14
26163163805,14
26163163124,4
26163163745,5
26163163509,1
26163163675,10
26163163643,1
26163163787,1
26163163359,7
26163163403,8
26163163380,8
26163163150,5
26163163056,3
26163163052,3
26163163719,2
26163163263,6
26163163223,5
26163163592,4
26163163961,3
26163163409,8
26163163583,4
26163163003,1
26163163257,6
26163163455,7
26163163741,1
26163163058,3
26163163720,3
26163163444,8
26163163234,6
26163163470,7
26163163045,3
26147147068,28
26147147003,28
26147147012,10
26147147030,28
26027027013,20
26027027010,20
26027027009,20
26027027019,20
26027027020,20
26027027015,20
26027027022,20
26027027017,20
26027027002,20
26027027021,20
26027027001,20
26027027018,20
26027027005,20
26027027004,20
26027027012,20
26027027016,20
26027027003,20
26027027014,20
26027001001,20
26147147043,28
26147147008,28
26147147035,28
26147147050,28
26147147054,28
26147147045,28
26147147067,28
26147147024,28
26147147060,28
26147147031,10
26147147044,28
26147147048,28
26147147046,28
26147147055,28
26147147026,28
26147000001,28
26147147032,10
26147147020,28
26147147006,28
26147147029,28
26147147023,28
26147147036,28
26147147010,28
26147147063,28
26147147014,10
26147147015,10
26147147042,28
26147147056,28
26147147041,28
26147147034,28
26147147013,10
26147147001,10
26145145067,27
26145145034,27
26145145011,27
26145145084,29
26145145054,29
26145145040,29
26145145060,29
26145145005,27
26145145080,29
26145145049,29
26145145016,29
26145145009,27
26145145082,29
26145145068,27
26145145020,30
26145145055,29
26145145024,27
26145145018,29
26145145063,29
26147147069,28
26147147002,10
26147147064,28
26147147007,28
26147147052,28
26147147037,28
26147147051,28
26147147021,28
26147147057,28
26147147009,28
26147147040,28
26147147065,28
26147147019,28
26147147018,28
26147147061,28
26147147017,28
26147147053,28
26147147070,28
26147147062,28
26147147047,28
26147147066,28
26147147025,28
26147147004,28
26147147011,28
26147147059,28
26147147039,28
26147147016,28
26147147049,28
26147147027,28
26139139022,34
26139139096,34
26139139085,32
26139139039,34
26139139069,34
26139139006,34
26139139016,34
26139139031,34
26139139066,34
26139139100,32
26139139098,32
26139139001,32
26139139081,34
26139139013,34
26139139048,34
26139139101,32
26139139065,34
26139139024,34
26139139080,34
26139139102,34
26139139070,34
26139139051,34
26139139025,34
26139139029,34
26139139068,34
26139139090,34
26139139058,34
26139139074,34
26163163404,8
26163163530,7
26163163566,1
26163163639,1
26163163193,5
26163163816,14
26163163466,7
26163163422,8
26139139034,34
26139139060,34
26139139067,34
26139139083,34
26139139007,34
26139139075,34
26139139004,32
26139139044,34
26139139056,34
26139139054,34
26139139076,34
26139139072,34
26139139019,34
26139139097,32
26139139030,34
26139139041,34
26139139042,34
26139139103,34
26139139017,34
26139139079,34
26139139038,34
26139139002,32
26139139052,34
26139139045,34
26139139021,34
26139139011,32
26139139077,34
26139139047,34
26139139104,34
26139139026,34
26139139089,34
26139139086,34
26139139087,34
26139139049,34
26139139032,34
26139139064,34
26139139003,32
26139139105,34
26139139108,34
26139139094,34
26139139061,34
26139139033,34
26139139092,34
26139ZZZZZZ,34
26139139059,34
26139139005,32
26139139027,34
26139139020,34
26139139053,34
26139139095,34
26139139057,34
26139139028,34
26139139043,34
26139139071,34
26139139091,34
26139139093,34
26139139015,34
26139139046,34
26139139099,32
26163163647,4
26163163357,7
26163163688,10
26163163498,1
26163163353,7
26163163246,6
26163163526,7
26163163381,8
26163163724,3
26163163050,3
26163163820,14
26163163768,5
26163163848,1
26163163320,8
26163163059,3
26163163341,7
26163163379,8
26163163324,9
26163163073,4
26163163835,5
26163163711,7
26163163305,8
26163163298,6
26163163874,2
26163163709,7
26163163563,1
26163163729,3
26163163952,3
26163163292,6
26163163944,3
26163163304,6
26163163033,3
26163163296,6
26163163947,3
26163163137,4
26163163788,1
26163163349,7
26163163490,7
26163163018,2
26163163211,5
26163163495,1
26163163588,4
26163163021,2
26163163545,1
26163163081,4
26163163634,1
26163163251,6
26163163560,1
26163163502,1
26163163896,1
26163163491,7
26163163966,3
26163163492,7
26163163879,2
26163163780,3
26163163801,14
26163163036,3
26163163852,2
26163163325,9
26163163645,1
26163163062,3
26163163974,2
26163163235,6
26163163640,1
26163163065,3
26163163726,3
26163163430,8
26163163375,7
26163163274,6
26163163054,3
26163163072,4
26163163915,2
26163163596,4
26163163830,5
26163163722,3
26163163744,5
26163163668,2
26163163454,7
26163163701,10
26163163762,5
26163163499,1
26163163626,1
26163163275,13
26163163242,1
26163163206,5
26163163692,10
26163163039,3
26163163959,3
26163163682,10
26163163043,3
26163163047,3
26163163010,1
26163163759,5
26163163784,5
26163163247,6
26163163514,1
26163163585,4
26163163697,7
26163163316,8
26163163655,2
26163163362,7
26163163308,8
26163163496,1
26163163888,1
26163163095,4
26163163946,3
26163163340,7
26163163420,8
26165165006,36
26165165007,36
26165165015,36
26165165013,36
26165165001,36
26165165020,36
26165165021,36
26165165008,36
26165165016,36
26165165003,36
26165165017,36
26165165018,36
26165165010,36
26165165005,36
26165165012,36
26165165004,36
26165165011,36
26165165002,36
26165165019,36
26165165014,36
26125000006,7
26125000010,14
26125000019,14
26125000023,14
26125000003,14
26125000013,14
26073073005,30
26073073021,30
26073073006,30
26073073025,30
26073073010,30
26073073015,30
26073073011,30
26073073027,30
26073073004,30
26073073022,30
26073073013,30
26073073017,30
26073073023,30
26073073028,30
26037037005,25
26037037003,25
26037037023,30
26037037029,25
26037037025,25
26037037002,25
26037037030,25
26037037020,25
26037037010,25
26037037032,25
26037037015,25
26037037012,25
26037000002,25
26037037028,25
26037037034,25
26083ZZZZZZ,38
26083083005,38
26083083003,38
26073073003,30
26073073014,30
26073073002,30
26073073019,30
26073073026,30
26073073007,30
26073073009,30
26073073012,30
26073073020,30
26073073001,30
26073073016,30
26073073024,30
26073000001,30
26061061020,38
26061061011,38
26061061004,38
26061061030,38
26061061015,38
26061061005,38
26061061013,38
26061061012,38
26061ZZZZZZ,38
26085085011,31
26085085012,31
26085085007,31
26085085005,31
26085085008,31
26071071002,38
26071071005,38
26059059001,20
26059059024,20
26059059010,20
26059059005,20
26059059013,20
26059059022,19
26059059003,20
26059059017,20
26059059008,20
26059059007,20
26059059014,20
26059059002,20
26059059009,20
26059059023,18
26059059021,19
26059059019,20
26083083001,38
26083083002,38
26083083004,38
26073073008,30
26073073018,30
26061061003,38
26061061008,38
26061061002,38
26061061007,38
26061061018,38
26061061023,38
26061061029,38
26061061017,38
26061061022,38
26061061019,38
26061061016,38
26061061025,38
26061061009,38
26061061027,38
26061061024,38
26061061026,38
26061061028,38
26061061021,38
26061061010,38
26061061001,38
26061061006,38
26061061014,38
26085085003,30
26085085010,30
26085085013,31
26085085015,30
26085085014,31
26085085006,30
26085085009,31
26085085002,30
26085085004,31
26085085001,30
26059059016,19
26059059020,20
26059059006,20
26059059011,20
26059059015,20
26059059025,20
26059059004,20
26059059012,20
26059059026,20
26059059018,20
26141ZZZZZZ,36
26163163312,8
26163163130,4
26163163322,9
26163163760,5
26163163899,1
26163163676,10
26163163232,6
26087087006,27
26087087019,27
26087087008,27
26087087029,27
26087087026,27
26087087013,27
26087087017,11
26087087015,27
26087087032,11
26087087024,27
26087087034,27
26087087002,11
26087087028,27
26087087025,27
26087087027,27
26163163652,2
26163163488,7
26163163476,7
26163163192,5
26163163004,1
26163163099,4
26163163715,2
26163163579,1
26163163449,7
26163163851,2
26163163216,5
26163163815,14
26163163932,2
26163163860,2
26163163114,4
26163163168,5
26163163212,5
26163163907,1
26163163847,1
26163163571,4
26163163965,3
26163163358,7
26163163354,7
26163163310,8
26163163783,5
26163163407,8
26163163385,8
26163163648,1
26163163781,5
26163163854,2
26163163435,8
26163163642,1
26163163857,2
26163163373,7
26163163685,10
26163163432,8
26163163084,4
26163163153,5
26163163249,6
26163163679,10
26163163423,8
26163163796,14
26163163547,1
26163163602,1
26163163149,6
26163163500,1
26163163962,3
26163163302,6
26163163184,5
26163163267,6
26163163506,1
26163163282,5
26163163046,3
26163163278,6
26163163527,1
26163163436,8
26163163411,8
26163163802,14
26163163429,8
26163163433,8
26163163632,4
26163163083,4
26163163161,5
26163163248,6
26163163221,6
26163163612,4
26163163333,7
26163163474,7
26163163532,1
26163163218,5
26163163649,1
26163163253,13
26163163254,13
26163163605,4
26163163921,2
26163163799,14
26163163819,14
26163163659,3
26163163753,5
26163163125,4
26163163782,5
26163163030,3
26163163303,6
26163163620,1
26163163678,10
26163163442,8
26163163591,4
26163163636,1
26163163587,4
26163163159,5
26163163013,1
26163163686,10
26163163507,1
26163163158,5
26163163599,4
26163163128,4
26163163283,13
26163163230,6
26163163986,2
26163163529,7
26163163382,8
26163163258,6
26163163416,8
26163163236,6
26163163555,1
26163163347,7
26163163609,4
26163163465,7
26163163637,1
26163163233,6
26163163402,8
26163163306,8
26163163633,4
26163163108,4
26163163119,4
26163163472,7
26163163177,5
26163163228,6
26163163262,6
26163163698,7
26163163948,3
26163163836,5
26163163366,7
26163163767,5
26163163863,2
26163163300,6
26163163569,1
26163163450,7
26163163049,3
26163163417,8
26163163873,2
26163163457,7
26163163611,4
26163163113,4
26163163508,1
26163163156,13
26163163561,1
26163163970,3
26163163733,1
26163163022,2
26163163845,5
26163163519,7
26163163485,1
26163163110,4
26163163774,5
26163163188,5
26163163413,8
26163163265,6
26163163289,5
26163163985,2
26163163933,2
26163163269,6
26163163808,14
26163163770,5
26163163882,2
26163163887,1
26163163037,3
26163163853,2
26163163838,5
26163163594,4
26163163666,3
26163163824,5
26163163694,7
26163163749,5
26163163971,3
26163163543,4
26163163577,1
26163163714,2
26163163811,14
26163163023,2
26163163792,14
26163163777,3
26163163117,4
26163163731,1
26163163621,1
26163163227,6
26163163846,1
26163163281,13
26163163090,4
26163163553,1
26163163094,4
26163163400,8
26163163348,7
26163163755,5
26163163630,1
26163163152,13
26163163695,7
26163163779,3
26163163572,1
26163163115,4
26163163772,5
26163163486,7
26163163897,1
26163163276,6
26163163511,1
26163163396,8
26163163085,4
26163163536,1
26163163384,8
26163163478,7
26163163598,4
26163163175,13
26163163471,7
26163163902,1
26163163008,1
26163163501,1
26163163080,4
26163163981,2
26163163681,10
26163163205,5
26163163671,2
26163163617,4
26163163437,7
26163163522,1
26163163078,4
26163163584,4
26163163299,6
26163163980,2
26163163822,5
26163163945,3
26163163460,7
26163163335,7
26163163823,5
26163163987,2
26163163410,8
26163163434,8
26163163926,10
26163163097,4
26163163505,1
26163163916,2
26163163210,5
26163163009,1
26163163240,6
26163163201,5
26163163055,3
26163163866,2
26163163557,1
26163163941,3
26163163878,2
26163163693,10
26163163155,5
26163163923,2
26163163252,6
26163163367,8
26163163176,13
26163163732,1
26163163401,8
26163163182,5
26163163635,4
26163163769,5
26163163728,3
26163163656,2
26163163057,3
26163163533,7
26163163601,4
26163163503,1
26163163537,1
26163163311,8
26163163157,5
26163163716,2
26163163813,14
26163163334,7
26163163517,1
26163163909,2
26163163259,6
26163163975,2
26163163790,1
26163163390,8
26163163821,5
26163163817,14
26163163377,7
26163163074,4
26163163942,3
26163163044,3
26163163778,3
26163163627,1
26163163481,7
26163163255,6
26163163752,5
26163163504,1
26163163684,10
26163163576,1
26163163809,14
26163163363,7
26163163331,8
26163163859,2
26163163606,4
26163163989,2
26163163203,5
26163163665,3
26099000016,10
26163163521,7
26163163418,8
26163163179,5
26163163241,1
26163163615,4
26163163012,1
26163163954,3
26163163178,5
26163163118,4
26163163295,6
26163163614,4
26163163428,8
26163163441,7
26163163174,5
26163163494,1
26163163793,14
26163163016,2
26163163035,3
26163163014,1
26163163122,4
26163163746,5
26163163550,1
26163163301,6
26163163456,7
26163163936,3
26163163704,10
26163163414,8
26163163672,2
26163163139,4
26163163426,8
26163163528,7
26163163343,7
26163163955,3
26163163930,2
26163163443,8
26163163718,2
26163163898,1
26163163723,3
26163163277,6
26163163512,1
26163163180,5
26163163143,4
26163163976,2
26163163849,1
26163163979,2
26163163243,1
26163163364,8
26163163544,1
26163163345,7
26163163196,6
26163163395,8
26163163556,1
26145145079,27
26145145074,27
26145145002,27
26145145017,29
26145145045,29
26145145043,29
26145145008,27
26163163107,4
26163163133,4
26163163795,14
26163163273,6
26163163092,4
26163163439,7
26163163479,7
26163163730,3
26163163105,4
26163163459,7
26163163089,4
26163163446,7
26163163786,5
26163163238,6
26163163142,4
26163163169,5
26163163365,7
26163163677,10
26163163758,5
26163163172,5
26163163548,1
26163163660,3
26163163164,13
26163163515,1
26163163317,8
26163163011,1
26163163939,3
26163163237,6
26163163589,4
26163163595,4
26163163477,7
26163163151,5
26163163912,2
26163163856,2
26163163419,8
26163163098,4
26163163389,8
26163163613,4
26163163964,3
26163163754,5
26163163984,2
26163163452,7
26163163132,4
26163163448,7
26163163147,6
26163163862,2
26163163321,8
26163163881,2
26163163020,2
26163163136,4
26163163226,6
26163163280,6
26163163129,4
26163163689,10
26163163245,6
26163163268,6
26163163272,6
26163163867,2
26163163200,6
26163163121,4
26163163785,5
26163163017,2
26163163540,4
26163163973,2
26163163539,1
26163163191,5
26163163629,1
26163163644,1
26163163832,5
26163163865,2
26163163578,1
26163163747,5
26163163453,7
26163163929,2
26163163829,5
26163163189,5
26163163893,1
26163163850,1
26163163908,1
26163163053,3
26163163969,3
26145145052,29
26145145032,30
26145145077,27
26145145073,27
26145145066,29
26145145037,29
26145145029,29
26145145042,29
26145145041,29
26145145028,30
26145145015,29
26145145023,27
26145145036,29
26145145070,27
26145145035,29
26145145033,27
26145145019,29
26145145004,27
26145145059,29
26145145038,29
26145145078,27
26145145044,29
26145145014,29
26145145046,29
26145145050,29
26145145071,27
26145145076,27
26145145064,29
26145145051,29
26145145057,29
26145145012,27
26145145053,29
26145145062,29
26145145065,29
26163163244,1
26163163708,7
26163163691,10
26163163604,4
26163163740,1
26163163431,8
26163163140,4
26163163549,1
26163163190,5
26163163497,1
26163163160,13
26163163309,8
26163163771,5
26163163406,8
26163163739,1
26163163562,1
26163163940,3
26163163393,8
26163163220,5
26163163654,2
26163163756,5
26163163891,1
26163163123,4
26163163376,7
26163163103,4
26163163337,7
26163163075,4
26163163421,8
26163163590,4
26163163330,8
26163163797,14
26163163876,2
26163163765,3
26163163789,1
26163163510,1
26163163468,7
26163163239,1
26163163844,5
26163163696,7
26163163040,3
26163163323,9
26163163580,7
26163163575,1
26163163146,6
26163163461,7
26163163355,7
26163163297,6
26163163162,5
26163163250,6
26163163949,3
26163163424,8
26163163518,7
26163163387,8
26163163910,2
26163163568,1
26163163674,10
26163163425,8
26163163194,5
26163163641,1
26163163339,7
26163163088,4
26163163165,13
26163163171,13
26163163197,6
26163163464,7
26163163166,5
26163163148,6
26163163493,7
26163163794,14
26163163658,3
26163163112,4
26163163914,2
26163163427,8
26163163483,7
26163163607,4
26163163288,5
26163163202,5
26163163264,6
26163163475,7
26163163386,8
26163163702,10
26163163285,13
26163163935,3
26163163287,5
26163163394,8
26163163213,6
26163163972,3
26163163586,4
26163163328,9
26163163516,1
26163163398,8
26163163266,6
26163163199,6
26163163713,7
26163163173,5
26163163913,2
26163163631,1
26163163051,3
26163163368,7
26163163791,1
26163163207,5
26111111013,30
26111111014,30
26111111037,29
26111111016,29
26111111024,29
26143143005,36
26143143008,36
26143143012,36
26143143007,36
26143143011,36
26143143009,36
26013013007,38
26013013002,38
26013013001,38
26013013008,38
26013013006,38
26013013003,38
26013013004,38
26013013005,38
26013ZZZZZZ,38
26049049088,26
26049049208,27
26049049046,16
26049049107,26
26049049172,16
26049049058,26
26049049179,26
26049049090,26
26049049211,27
26049049060,26
26049049189,26
26049049033,27
26049049098,26
26049049023,26
26049049026,27
26049049160,26
26049049114,26
26049049069,26
26049049106,26
26049049004,11
26049049202,27
26049049073,26
26049049048,16
26049049153,26
26049049126,26
26049049140,26
26049049037,27
26049049156,26
26049049136,27
26049049143,27
26049049177,27
26049049124,26
26049049034,27
26049049051,26
26049049186,26
26049049110,26
26049049097,26
26049049027,27
26049049129,26
26049049133,26
26049049089,26
26049049043,16
26049049115,26
26049049057,26
26049049036,27
26049049042,16
26049049102,26
26049049071,26
26049049006,11
26049049188,26
26049049113,26
26049049053,26
26049049031,27
26049049187,26
26049049024,27
26049049087,26
26049049151,27
26049049086,26
26049049092,26
26049049203,27
26049049154,26
26049049020,26
26049049135,26
26049049055,26
26049049066,26
26049049108,26
26049049019,26
26049049159,26
26049049084,26
26049049171,16
26049049169,26
26049049012,26
26049049150,27
26049049022,26
26049049119,26
26049049137,27
26049049206,26
26049049168,26
26049049162,26
26049049181,26
26049049127,26
26049049008,26
26049049175,27
26049049134,26
26049049105,26
26049049016,26
26049049103,26
26049049038,16
26049049123,26
26049049122,26
26049049212,27
26049049191,26
26049049120,26
26049049131,26
26049049182,26
26049049104,26
26049049199,26
26049049082,26
26049049099,26
26049049148,27
26049049198,26
26049049076,26
26049049050,26
26049049049,26
26049049078,26
26049049081,26
26049049070,26
26049049192,26
26049049200,26
26049049152,26
26049049166,26
26049049096,26
26049049091,26
26049049190,26
26049049185,26
26049049180,26
26049049141,26
26049049195,26
26049049121,26
26049049095,26
26049049201,27
26049049052,26
26049049025,27
26049049065,26
26049049056,26
26049049029,27
26049049213,27
26049049215,27
26049049146,27
26049049161,26
26049049040,16
26049049205,26
26049049054,26
26049049074,26
26049049068,26
26049049194,26
26049049209,27
26049049018,27
26049049142,26
26049049178,26
26049049214,27
26049049149,27
26049049030,27
26049049063,26
26049049044,16
26049049117,26
26049049035,27
26049049155,26
26049049204,26
26049049015,26
26049049196,26
26049049197,26
26049049041,16
26049049075,26
26049049028,27
26049049128,26
26049049077,26
26049049094,26
26049049139,26
26049049059,26
26049049013,26
26049049002,16
26049049184,26
26049049173,27
26049049158,26
26049049176,27
26049049144,27
26049049003,16
26049049011,26
26049049010,27
26049049017,27
26049049147,27
26049049174,27
26049049112,26
26049049001,16
26049049079,26
26049049132,26
26049049193,26
26049049138,27
26049049101,26
26049049116,26
26049049062,26
26049049167,26
26049049014,26
26049049083,26
26049049125,26
26049049111,26
26049049130,26
26049049210,27
26049049093,26
26049049021,26
26049049170,26
26049049165,26
26049049163,26
26049049100,26
26049049009,26
26049049145,27
26049049045,16
26049049109,26
26049049061,26
26049049005,11
26049049067,26
26049049216,27
26049049085,26
26049049039,16
26049049164,26
26049049007,11
26049049047,16
26049049118,26
26049049207,26
26049049032,27
26049049157,26
26049049064,26
26049049072,26
26049049080,26
26015015019,23
26015015018,23
26015015024,23
26015015016,23
26015015022,23
26015015017,23
26015015011,23
26015015009,23
26015015003,23
26015015005,23
26015015008,23
26015015021,23
26015015001,23
26015015013,23
26015015023,23
26015015015,23
26015015006,23
26015015012,23
26015015010,23
26015015002,23
26015015007,23
26027027006,20
26027027008,20
26027027011,20
26087087007,27
26087087014,27
26087087023,27
26087087005,27
26087087012,27
26087087018,27
26087087001,11
26087087033,11
26087087010,11
26087087022,27
26025025021,23
26025025019,23
26025025055,23
26025025056,23
26025025041,23
26025025013,23
26025025006,19
26025025015,23
26025025010,23
26025025050,23
26025025005,19
26025025004,19
26025025012,23
26025025024,23
26025025031,23
26025025044,19
26025025028,23
26025025043,23
26025025036,19
26025025003,19
26025025022,23
26025025011,23
26025025018,23
26025025023,23
26025025026,23
26025025007,19
26025025045,19
26025025038,19
26025025037,23
26025025054,23
26025025009,23
26025025040,23
26025025034,23
26025025051,23
26025025060,23
26025025030,23
26025025058,23
26025025046,23
26025025048,19
26025025001,19
26025025029,23
26025025057,19
26025025042,23
26025025017,23
26025025049,23
26025025053,23
26025025008,23
26025025025,23
26025025039,23
26025025032,23
26025025016,23
26025025047,23
26025025002,19
26025025027,23
26025025020,23
26025025059,23
26025025014,23
26025025035,19
26035035007,30
26035035002,30
26035035012,30
26035035019,30
26035035001,30
26035035014,30
26035035015,30
26035035004,30
26035035006,30
26035035003,30
26035035011,30
26035035018,30
26123000002,31
26079079009,36
26079079013,36
26079079006,36
26079079005,36
26079079003,36
26079079002,36
26079079010,36
26079079008,36
26079079011,36
26079079007,36
26079079001,36
26079079012,36
26079079004,36
26049000016,26
26015015014,23
26015015020,23
26015037120,23
26143143006,36
26143143003,36
26143143014,36
26143143013,36
26143143002,36
26143143004,36
26143143010,36
26143143001,36
26043043003,38
26043043004,38
26043043015,38
26043043012,38
26043043011,38
26043043007,38
26043043009,38
26043043013,38
26043043010,38
26043043008,38
26043043006,38
26043043001,38
26043043002,38
26043043005,38
26043043016,38
26099000015,10
26099000017,10
26099000019,10
26099000011,11
26099000018,10
26163005125,7
26161161004,17
26161161057,18
26161161074,19
26161161123,17
26161161048,17
26161161121,19
26161161120,18
26161161095,16
26161161151,17
26161161059,19
26035035010,30
26035035009,30
26035035017,30
26101101002,35
26101101010,36
26101101016,35
26101101009,35
26101101015,35
26101101005,36
26101101012,36
26161161070,19
26161161056,18
26161161050,17
26161161051,17
26161161150,17
26161161103,19
26161161112,17
26161161017,17
26161161078,16
26161161133,17
26161161067,19
26161161049,17
26161161003,17
26161161125,17
26161161068,19
26161161110,19
26161161066,19
26161161116,19
26161161093,17
26161161002,17
26161161040,17
26161161005,17
26161161115,17
26161161016,17
26161161054,17
26161161147,17
26161161038,17
26161161139,17
26161161081,17
26161161076,19
26161161096,16
26161161131,17
26161161064,19
26161161035,17
26021021040,20
26021021003,22
26021021023,22
26021021061,22
26021021001,22
26021021062,20
26161161063,19
26161161144,17
26161161069,19
26161161058,18
26161161025,17
26157ZZZZZZ,28
26161161143,17
26161161137,17
26161161030,17
26161161084,17
26161161011,17
26161161118,16
26161161101,17
26161161012,17
26161161124,17
26161161092,19
26161161111,17
26161161129,17
26161161052,17
26161161135,17
26161161001,17
26161161079,16
26161161006,17
26161161010,17
26161161028,17
26161161149,17
26161161107,19
26161161090,17
26161161008,17
26161161109,17
26161161099,19
26161161085,17
26161161126,17
26161161089,17
26161161014,17
26161161128,17
26161161060,19
26161161009,17
26161161031,17
26161161148,17
26161161047,17
26161161108,17
26161161037,17
26161161113,17
26161161098,19
26161161020,17
26161161141,17
26161161024,17
26161161073,19
26161161088,17
26161161114,17
26161161043,17
26161161142,17
26161161146,17
26161161122,19
26161161106,19
26161161022,17
26161161082,17
26161161027,17
26161161033,17
26161161018,17
26161161130,17
26161161023,17
26161161032,17
26161161007,17
26161161087,17
26161161055,17
26161161013,17
26161161138,17
26161161053,17
26161161061,19
26161161044,17
26161161042,17
26161161029,17
26161161086,17
26161161062,19
26161161075,19
26161161041,17
26161161136,17
26161161046,17
26161161015,17
26161161080,16
26161161071,19
26161161019,17
26161161117,16
26161161134,17
26161161045,17
26161161100,19
26161161034,17
26161161065,19
26161161097,19
26161161140,17
26161161072,19
26161161119,16
26161161077,18
26161161083,17
26161161021,17
26161161104,17
26161161036,17
26161161127,17
26161161145,17
26161161091,17
26161161132,17
26161161105,17
26161161039,17
26161161094,16
26161161026,17
26141141010,36
26141141009,36
26141141015,36
26141141011,36
26141141004,36
26141141005,36
26141141013,36
26141141002,36
26141141007,36
26141141001,36
26141141014,36
26141141008,36
26141141012,36
26141141003,36
26141141016,36
26141141006,36
26081081238,33
26081081127,33
26081081218,32
26081081004,32
26081081173,33
26081081212,23
26081081217,32
26081081104,32
26081081169,33
26081081022,22
26081081186,31
26081081109,33
26081081063,22
26081081207,31
26081081020,23
26081081055,33
26081081213,23
26081081041,32
26081081149,33
26081081165,33
26081081190,31
26081081010,31
26081081147,32
26081081191,32
26081081208,31
26081081115,32
26081081053,31
26081081237,33
26081081070,32
26017ZZZZZZ,29
26081081179,33
26081081118,32
26081081202,32
26081081067,22
26081081181,33
26081081205,31
26081081235,33
26081081210,31
26081081184,23
26081081091,33
26081081200,32
26081081244,33
26081081116,32
26081081124,33
26081081178,33
26081081226,33
26081081012,31
26081081248,33
26081081227,33
26081081102,33
26081081009,31
26081081018,32
26081081209,31
26081081204,31
26081081040,31
26081081017,32
26081081211,31
26081081182,23
26081081049,32
26081081058,33
26081081185,23
26081081193,32
26081081130,33
26081081092,32
26081081047,32
26081081187,31
26115115048,18
26115115020,18
26115115003,18
26115115042,18
26115115049,18
26115115047,18
26115115054,18
26115115060,18
26115115033,18
26115115064,18
26115115050,18
26115115015,18
26115115056,18
26115115031,18
26115115051,18
26115115024,18
26115115058,18
26115115017,18
26115115061,18
26115115025,18
26115115043,18
26115115044,18
26115115039,18
26115115052,18
26115115006,18
26115115057,18
26115115062,18
26115115016,18
26115115038,18
26115115014,18
26115115053,18
26115115019,18
26115115041,18
26115115063,18
26115115023,18
26115115022,18
26115115035,18
26115115002,18
26115115059,18
26115115055,18
26115115040,18
26115115013,18
26115115027,18
26115115045,18
26115115034,18
26115115026,18
26115115009,18
26115115046,18
26115115001,18
26115115036,18
26115115029,18
26115115018,18
26115115028,18
26115115030,18
26115115005,18
26115115037,18
26115115032,18
26115115008,18
26115115012,18
26115115011,18
26115115004,18
26115115021,18
26115115007,18
26115115010,18
26115ZZZZZZ,18
26115000003,18
26041041018,38
26041041007,38
26041041021,38
26041041008,38
26041041002,38
26041041015,38
26041041009,38
26041041006,38
26041041011,38
26041041019,38
26041041001,38
26041041010,38
26041041016,38
26041041020,38
26041041017,38
26041041005,38
26041041022,38
26041041004,38
26041041003,38
26041041023,38
26041041014,38
26041041012,38
26041041013,38
26041ZZZZZZ,38
26131131001,38
26131131007,38
26131131005,38
26131131006,38
26131131010,38
26131131004,38
26131131009,38
26131131008,38
26131131012,38
26131131002,38
26131131011,38
26131131003,38
26077077069,21
26077077035,21
26077077105,21
26077077014,21
26077077024,21
26077077072,21
26077077107,23
26077077054,21
26077077090,21
26077077068,21
26077077040,21
26077077042,21
26077077028,21
26077077036,21
26077077022,21
26077077080,21
26077077098,21
26077077017,21
26077077087,21
26077077016,21
26077077073,21
26077077018,21
26077077076,21
26077077100,21
26077077056,21
26077077085,21
26077077051,21
26077077104,21
26077077010,21
26077077075,21
26077077067,21
26077077062,21
26077077026,21
26077077057,21
26077077083,21
26077077023,21
26077077025,21
26077077077,21
26077077009,21
26077077011,21
26077077045,21
26077077103,21
26077077015,21
26077077089,21
26077077084,21
26077077093,21
26077077060,21
26077077008,21
26077077097,21
26077077061,21
26077077019,21
26077077092,21
26077077006,23
26077077037,21
26077077043,21
26077077082,21
26077077046,21
26077077074,21
26077077099,21
26077077106,21
26077077031,21
26077077086,21
26077077065,21
26077077078,21
26155155012,25
26155155002,25
26155155019,25
26155155028,25
26155155001,25
26155155032,25
26155155027,25
26155155009,25
26155155006,25
26155155020,25
26155155021,25
26155155024,25
26155155026,25
26155155003,25
26155155010,25
26155155005,25
26155155031,25
26155155033,25
26155155014,25
26155155013,25
26155155029,25
26155155011,25
26155155017,25
26155155016,25
26155155004,25
26155155025,25
26155155007,25
26155155008,25
26155155023,25
26155155018,25
26155155015,25
26155000001,25
26089089002,37
26089089011,37
26089089006,37
26089089001,37
26089089007,37
26089089010,37
26089089003,37
26089089004,37
26089089009,37
26089089012,37
26089089005,37
26089089008,37
26089089013,37
26089ZZZZZZ,37
26077077049,21
26077077021,21
26077077088,21
26077077005,21
26077077044,21
26077077071,21
26077077048,21
26077077063,21
26077077096,21
26077077039,21
26077077041,21
26077077004,21
26077077066,21
26077077079,21
26077077091,21
26077077059,21
26077077029,21
26077077020,21
26077077058,21
26077077007,21
26077077002,21
26077077070,21
26077077094,21
26077077095,21
26077077064,21
26077077027,21
26077077032,21
26077077003,21
26077077050,21
26077077055,21
26077077102,21
26077077001,21
26077077081,21
26077077101,21
26077077030,21
26077077034,21
26077077033,21
26077077012,21
26077077013,21
26077077038,21
26077077047,21
26109ZZZZZZ,38
26065065003,24
26065065070,24
26065065117,25
26065065037,25
26065065084,24
26065065115,25
26065065118,25
26065065008,24
26065065055,24
26065065024,25
26065065100,25
26065065087,24
26065065079,24
26065065053,24
26065065104,25
26065065092,25
26065065071,24
26065065045,24
26065065078,24
26065065023,25
26065065057,24
26065065006,24
26065065032,24
26065065033,24
26065065109,19
26065065088,24
26065065050,24
26065065096,25
26065065019,25
26065065056,24
26065065026,25
26065065093,25
26065065016,25
26065065049,24
26065065105,25
26065065083,24
26065065089,25
26065065086,24
26065065098,25
26065065062,24
26065065014,24
26099099055,10
26099099089,9
26099099235,8
26099099022,10
26099099154,10
26099099024,10
26099099227,11
26099099151,10
26099099201,11
26099099295,8
26099099088,9
26099099104,28
26099099327,8
26099099139,9
26099099328,8
26099099178,10
26099099054,9
26099099080,9
26099099236,8
26099099322,8
26099099266,8
26099099337,11
26099099081,9
26099099017,10
26099099119,9
26099099140,9
26099099057,9
26099099009,8
26099099085,9
26099099182,10
26099099277,12
26099099166,9
26099099332,11
26099099306,8
26099099193,10
26099099028,9
26099099060,9
26099099148,10
26099099336,11
26099099285,7
26099099175,9
26099099230,11
26065065060,24
26065065064,24
26065065017,25
26065065009,24
26065065068,24
26065065012,24
26065065022,25
26065065044,24
26065065021,25
26065065002,24
26065065061,24
26065065059,24
26065065077,25
26065065076,25
26065065051,24
26065065103,25
26065065075,24
26065065046,24
26065065110,19
26065065039,25
26065065025,25
26065065074,24
26065065080,24
26065065028,25
26065065052,24
26065065090,25
26065065029,25
26065065106,25
26065065102,25
26065065047,24
26065065101,25
26065065063,24
26065065091,25
26065065035,25
26099099131,9
26099099106,28
26099099231,7
26099099212,11
26099099229,11
26099099152,10
26099099243,12
26099099128,9
26099099288,7
26099099132,9
26099099310,8
26099099092,9
26099099111,9
26099099020,10
26099099117,9
26099099194,10
26099099049,9
26099099283,7
26099099082,9
26099099321,8
26099099272,12
26099099064,9
26099099098,10
26099099027,10
26099099047,10
26099099008,8
26099099251,8
26099099039,9
26099099040,9
26099099133,11
26099099036,9
26099099026,9
26099099090,9
26099099325,8
26099099191,10
26099099063,9
26099099300,8
26099099206,12
26099099129,11
26099099177,9
26099099256,8
26099099001,28
26099099241,8
26099099239,8
26099099330,11
26099099031,10
26099099217,11
26099099153,10
26099099180,10
26099099195,10
26099099041,9
26099099284,7
26099099093,10
26099099174,9
26099099324,8
26099099160,28
26099099053,10
26099099050,9
26099099338,11
26099099102,10
26099099013,10
26099099100,10
26099099074,9
26099099270,8
26099099223,11
26099099021,10
26099099199,10
26099099192,10
26099099305,8
26099099075,9
26099099072,9
26099099056,10
26099099079,9
26099099181,10
26099099275,12
26099099116,9
26099099200,10
26099099196,10
26099099280,7
26099099112,9
26099099260,8
26099099014,10
26099099333,11
26099099299,8
26075075015,19
26075075008,19
26075075041,19
26075075014,19
26075075011,19
26075075033,19
26075075046,19
26075075006,19
26075075001,19
26075075051,19
26075075012,19
26075075038,19
26075075036,19
26075075050,19
26075075042,19
26075075062,19
26075075032,19
26075075002,19
26075075053,19
26075075025,19
26075075031,19
26075075037,19
26075075024,19
26075075029,19
26075075045,19
26075075013,19
26075075034,19
26075075007,19
26075075061,19
26075075044,19
26075075016,19
26075075060,19
26075075039,19
26075075035,19
26075075020,19
26075075018,19
26075075005,19
26075075040,19
26075075048,19
26075075028,19
26075075009,19
26075075010,19
26099099335,11
26099099222,11
26099099167,9
26099099145,10
26099099255,8
26099099226,11
26099099228,11
26099099070,9
26099099004,11
26099099162,28
26099099136,9
26099099208,11
26099099150,10
26099099007,8
26099099016,10
26099099290,7
26099099141,9
26099099107,9
26099099173,9
26099099164,9
26099099216,11
26099099286,7
26099099264,12
26099099099,10
26099099317,8
26099099233,8
26099099205,11
26099099282,7
26099099109,9
26099099323,8
26099099248,8
26099099203,11
26099099170,9
26099099197,10
26099099259,8
26099099073,9
26099099097,10
26099099318,8
26099099083,9
26099099095,10
26099099250,8
26099099315,8
26075075023,19
26075075054,19
26075075017,19
26075075055,19
26075075063,19
26075075049,19
26075075052,19
26075075058,19
26075075043,19
26075075019,19
26075075004,19
26075075057,19
26075075021,19
26075075047,19
26075075003,19
26075075027,19
26075075026,19
26075075030,19
26075075059,19
26075075056,19
26075075022,19
26099099062,9
26099099125,9
26099099279,10
26099099169,9
26099099186,10
26099099061,9
26099099213,11
26099099115,11
26099099307,8
26099099253,12
26099099252,12
26099099249,8
26099099220,11
26099099048,9
26099099184,10
26099099293,8
26099099096,10
26099099144,28
26099099066,9
26099099042,9
26099099067,9
26099099242,8
26099099086,9
26099099018,10
26099099188,10
26099099091,9
26099099257,8
26099099069,9
26099099198,10
26099099121,9
26099099262,12
26099099035,9
26099099108,9
26099099126,9
26099099165,9
26099099110,9
26099099094,10
26099099046,9
26099099209,12
26099099043,9
26099099155,10
26099099258,8
26099099244,12
26099099138,11
26099099045,9
26005005040,22
26005005011,22
26005005032,23
26005005016,23
26005005019,34
26005005046,23
26005005005,22
26005005022,22
26005005033,23
26005005031,22
26005005026,22
26005005044,23
26005005013,34
26005005045,23
26005005025,34
26005005043,22
26005005003,22
26005005029,22
26005005035,22
26005005004,22
26005005015,23
26005005012,22
26005005017,22
26005005010,22
26005005042,23
26005005027,23
26005005018,34
26005005037,22
26005005006,22
26005ZZZZZZ,34
26005005030,23
26005005014,22
26005005024,34
26005005007,22
26005005009,22
26005005036,23
26005005038,22
26005005039,22
26005005021,34
26005005028,23
26005005023,34
26005005008,22
26005005001,22
26005005034,23
26005005002,22
26005005020,34
26005005041,22
26119119004,36
26119119007,36
26119119009,36
26119119006,36
26119119003,36
26119119008,36
26119119001,36
26119119005,36
26119119002,36
26099ZZZZZZ,10
26099099134,9
26099099224,11
26099099076,9
26099099015,10
26099099034,10
26099099118,9
26099099058,9
26099099234,8
26099099172,9
26099099334,11
26099099240,8
26099099225,11
26099099204,11
26099099101,10
26099099158,11
26099099316,8
26099099103,28
26099099033,10
26099099161,28
26099099179,10
26099099304,8
26099099298,8
26099099311,8
26099099122,11
26099099297,8
26099099147,10
26099099030,10
26099099025,10
26099099302,8
26099099331,11
26099099218,11
26099099254,12
26099099294,8
26099099278,12
26099099313,8
26099099185,10
26099099211,11
26099099319,7
26099099077,9
26099099078,9
26111111045,29
26111111006,29
26111111052,30
26111111053,30
26111111038,29
26111111003,30
26111111033,29
26111111019,30
26111111029,29
26111111008,30
26111111032,29
26111111001,30
26111111004,30
26111111028,29
26111111010,29
26111111021,29
26111111050,30
26111111011,30
26111111026,29
26111111034,29
26111111020,30
26111111015,30
26111111042,29
26111111044,29
26111111023,29
26111111041,29
26111111036,29
26111111007,29
26111111017,29
26111111043,29
26111111005,29
26111111025,29
26111111027,29
26111111031,29
26111111012,30
26111111040,29
26111111035,29
26111111002,30
26111111009,29
26111111051,29
26111111030,29
26111111018,29
26099099142,11
26099099219,11
26099099012,10
26099099143,11
26099099038,9
26099099265,12
26099099124,9
26099099276,12
26099099214,11
26099099105,28
26099099232,12
26099099183,10
26099099273,12
26099099002,28
26099099289,7
26099099156,10
26099099268,8
26099099051,9
26099099137,9
26099099032,9
26099099246,12
26099099123,9
26099099120,9
26099099127,9
26099099171,9
26099099202,11
26099099267,8
26099099263,12
26099099281,7
26099099065,9
26099099189,10
26099099221,12
26099099296,8
26099099291,7
26099099113,9
26099099068,9
26099099301,8
26099099006,11
26099099287,7
26099099163,9
26099099303,8
26099099114,9
26111111039,29
26111111022,29
26065065058,24
26065065081,25
26065065020,25
26065065011,24
26065065001,24
26065065067,24
26065065066,24
26065065073,24
26065065043,25
26065065054,25
26065065097,25
26065065114,24
26065065107,25
26065065030,25
26065065048,24
26065065069,24
26065065013,24
26065065085,25
26065065015,24
26065065010,24
26065065095,25
26065065099,25
26065065005,24
26065065041,24
26065065004,24
26065065018,25
26065065036,25
26065065072,24
26065065040,24
26065065042,24
26065065007,24
26065065111,24
26065065034,25
26065065027,25
26065065038,24
26065065108,24
26065065094,25
26065065065,24
26065065031,25
26065065113,25
26099099320,7
26099099037,10
26099099157,11
26099099130,9
26099099329,11
26099099237,12
26099099059,9
26099099207,11
26099099071,9
26099099314,8
26099099168,9
26099099023,10
26099099029,10
26099099052,9
26099099003,11
26099099084,9
26099099245,12
26099099238,12
26099099308,8
26099099261,8
26099099005,11
26099099215,11
26099099159,28
26099099326,7
26099099271,12
26099099312,8
26099099187,10
26099099269,8
26099099135,9
26099099274,12
26099099309,8
26099099146,10
26099099010,8
26099099011,8
26099099176,9
26099099190,10
26099099210,11
26099099044,9
26099099019,10
26099099087,9
26099099292,8
26099099247,12
26103103009,38
26103103026,38
26103103006,38
26103103023,38
26103103035,38
26133133009,30
26133133016,30
26133133007,30
26133133018,30
26133133014,30
26133133006,30
26133133004,30
26133133001,30
26133133003,30
26133133011,30
26133133005,30
26133133017,30
26133133008,30
26133133013,30
26133133015,30
26133133010,30
26133133002,30
26133133012,30
26103103032,38
26103103015,38
26103103036,38
26103103007,38
26103103004,38
26103103027,38
26103103001,38
26103103019,38
26103103010,38
26103103018,38
26103103029,38
26103103013,38
26103103021,38
26103103028,38
26103103030,38
26103103002,38
26103103031,38
26103103020,38
26103103012,38
26103103005,38
26103103014,38
26103103003,38
26103103033,38
26103103016,38
26103103017,38
26103103011,38
26103103034,38
26103103025,38
26103103008,38
26103103022,38
26103103024,38
26103ZZZZZZ,38
26131ZZZZZZ,38
26069069004,36
26069069001,36
26069069006,36
26069069014,36
26069069012,36
26069069005,36
26069069018,36
26069069008,36
26069069015,36
26069069007,36
26069069013,36
26069069002,36
26069069011,36
26069ZZZZZZ,36
26069069017,36
26069069003,36
26069069010,36
26069069016,36
26069069009,36
26035035005,30
26035035008,30
26035035013,30
26035035016,30
26067067011,31
26067067032,31
26067067004,31
26067067030,31
26067067025,31
26067067031,31
26067067001,31
26067067027,31
26067067012,31
26067067006,23
26067067020,31
26067067007,23
26067067016,31
26067067009,31
26067067005,23
26067067003,31
26067067017,31
26067067022,23
26067067010,31
26067067021,31
26067067029,31
26067067026,31
26067067024,31
26067067018,31
26067067008,23
26067067023,23
26067067002,31
26067067028,31
26067067014,31
26067067019,31
26067067015,31
26067067013,31
26105105005,35
26105105002,35
26105105019,35
26105105006,35
26105105022,35
26105105018,35
26105105017,35
26105105003,35
26105105012,35
26105105004,35
26105105011,35
26105105008,35
26105105016,35
26105105025,35
26105105007,35
26105105021,35
26105105023,35
26105105009,35
26105105024,35
26105105001,35
26105105013,35
26105105015,35
26105105020,35
26105105010,35
26105105014,35
26105ZZZZZZ,35
26031031019,37
26031031017,37
26031031009,37
26031031015,37
26031031010,37
26031031003,37
26031031013,37
26031031016,37
26031031006,37
26031ZZZZZZ,37
26031031007,37
26031031005,37
26031031018,37
26031031002,37
26031031001,37
26031031022,37
26031031011,37
26031031012,37
26031031008,37
26031031004,37
26031031014,37
26031031020,37
26031031021,37
26055055024,37
26055055030,37
26055055012,37
26055055003,37
26055055023,37
26055055011,37
26055055007,37
26055055016,37
26055055005,37
26055055026,37
26055055010,37
26055055025,37
26055055020,37
26055055017,37
26055055035,37
26055055036,37
26055055018,37
26055055004,37
26055055002,37
26055055029,37
26055055032,37
26055055027,37
26055055009,37
26055055034,37
26055055013,37
26055055019,37
26055055022,37
26055055033,37
26055ZZZZZZ,37
26055055008,37
26055055014,37
26055055031,37
26055055001,37
26055055021,37
26055055015,37
26055055028,37
26055055006,37
26153153011,38
26153153005,38
26153153009,38
26153ZZZZZZ,38
26153153007,38
26153153008,38
26153153006,38
26153153010,38
26153153002,38
26153153004,38
26153153003,38
26153153012,38
26139000004,34
26081081134,33
26081081080,32
26081081197,32
26081081103,32
26081081233,33
26081081129,33
26081081030,23
26081081062,22
26081081075,32
26081081023,22
26081081150,32
26081081016,32
26081081128,33
26081081117,32
26081081164,33
26081081172,33
26081081100,32
26081081065,22
26081081005,32
26081081036,31
26081081216,32
26081081031,23
26081081148,32
26081081110,32
26081081177,33
26081081241,33
26081081039,31
26081081088,32
26081081157,33
26081081035,31
26081081158,33
26081081083,32
26081081222,32
26081081160,33
26081081122,33
26081081198,32
26081081228,33
26081081068,22
26081081085,33
26081081201,32
26081081156,33
26081081008,32
26081081171,33
26081081136,33
26081081078,33
26081081003,32
26081081113,32
26081081143,33
26081081219,32
26081081061,22
26081081073,33
26081081034,23
26081081135,33
26081081077,32
26081081082,32
26081081001,32
26081081249,33
26081081176,33
26081081214,32
26081081137,33
26081081239,33
26081081224,33
26081081121,33
26081081247,33
26081081038,31
26081081002,32
26081081089,32
26081081220,32
26081081170,33
26081081059,33
26081081064,22
26081081223,33
26081081174,33
26081081183,23
26081081056,33
26081081096,32
26081081230,33
26081081195,32
26081081145,33
26081081232,33
26081081046,32
26081081146,33
26081081105,32
26081081066,22
26081081011,31
26081081114,32
26081081125,33
26081081225,33
26081081057,33
26081081234,33
26081081229,33
26081081142,33
26081081126,33
26081081166,33
26081081108,33
26081081180,33
26081081168,33
26081081081,32
26081081044,32
26081081043,32
26081081140,33
26081081246,33
26081081099,32
26081081027,22
26081081163,31
26081081154,32
26081081221,32
26081081112,32
26081081074,32
26081081084,33
26081081032,23
26081081107,32
26081081215,32
26081081155,32
26081081245,33
26081081095,32
26081081162,31
26081081199,32
26081081106,32
26081081188,31
26081081050,32
26081081098,32
26081081206,31
26081081236,33
26081081094,33
26081081189,31
26081081014,32
26081081231,33
26081081133,33
26081081072,33
26081081026,22
26081081196,32
26081081242,33
26081081119,33
26081081159,33
26081081051,31
26081081024,22
26081081045,32
26081081250,33
26081081161,33
26081081240,33
26081081090,32
26081081079,32
26081081033,23
26081081013,31
26081081015,32
26081081153,32
26081081093,33
26081081048,32
26081081194,32
26081081101,32
26081081138,33
26081081111,32
26081081087,33
26081081054,31
26081081071,32
26081081007,32
26081081060,33
26081081151,32
26081081192,32
26081081052,31
26081081019,32
26081081028,22
26081081006,32
26081081021,22
26081081086,32
26081081069,22
26081081120,33
26081081042,32
26081081252,33
26081081175,33
26081081029,23
26081081131,33
26081081251,33
26081081203,32
26081081097,32
26081081123,33
26081081243,33
26081081037,31
26081081141,33
26081081139,33
26081081167,33
26081081152,32
26081081025,22
26081081132,33
26081081144,33
26053053002,38
26053053005,38
26053053008,38
26053053007,38
26053053004,38
26053053009,38
26053053003,38
26053053010,38
26053053006,38
26053053011,38
26053053001,38
26053ZZZZZZ,38
26091091001,18
26091091006,18
26091091028,18
26091091009,18
26091091021,18
26091091042,18
26091091020,18
26091091027,18
26091091005,18
26091091023,18
26091091013,18
26091091008,18
26091091019,18
26091091004,18
26091091003,18
26091091030,18
26091091037,18
26091091033,18
26091091018,18
26091091039,18
26091091010,18
26091091022,18
26091091029,18
26091091016,18
26091091012,18
26091091036,18
26091091034,18
26091091041,18
26011011004,36
26011011006,36
26011011011,36
26011011015,36
26011011005,36
26011011002,36
26011011007,36
26011011001,36
26011011009,36
26011011008,36
26011011017,36
26011011016,36
26011011003,36
26011011010,36
26011011012,36
26011ZZZZZZ,36
26021021015,20
26021021029,22
26021021012,22
26021021006,22
26021021047,20
26021021048,22
26021021045,20
26021021026,22
26021021020,20
26021021058,22
26021021025,22
26021021004,22
26021021051,22
26021021036,20
26021021059,20
26021021037,20
26021021016,20
26021021013,20
26021021054,22
26021021017,20
26021021035,20
26021021049,22
26021021042,20
26021021005,22
26021021007,22
26021021008,22
26021021055,22
26021021027,20
26021021046,20
26021021019,20
26021021050,22
26021021014,20
26021021052,22
26021021022,22
26021021044,20
26021021034,20
26021021038,20
26021021021,22
26021021039,20
26021021057,22
26021021043,20
26021021024,20
26109109016,38
26109109017,38
26109109010,38
26109109009,38
26109109002,38
26109109018,38
26109109005,38
26109109001,38
26109109004,38
26109109003,38
26109109013,38
26109109012,38
26109109008,38
26109109020,38
26109109015,38
26109109006,38
26109109011,38
26109109014,38
26109109019,38
26109109007,38
26023023001,20
26023023012,20
26023023018,20
26023023004,20
26023023005,20
26023023021,20
26023023022,20
26023023014,20
26023023003,20
26023023020,20
26023023015,20
26023023006,20
26023023016,20
26023023008,20
26023023007,20
26023023017,20
26023023011,20
26023023010,20
26023023002,20
26023023009,20
26023023013,20
26023023019,20
26051051002,30
26051051017,30
26051051013,30
26051051015,30
26051051007,30
26051051010,30
26051051004,30
26051051006,30
26051051014,30
26051051001,30
26051051016,30
26051051018,30
26051051011,30
26051051008,30
26051051003,30
26051051005,30
26051051009,30
26051051012,30
26091091024,18
26091091026,18
26091091043,18
26091091011,18
26091091032,18
26091091007,18
26091091040,18
26091091035,18
26091091025,18
26091091014,18
26091091017,18
26091091015,18
26091091002,18
26091091031,18
26091091038,18
26097097002,37
26097097006,38
26097097014,37
26097097011,38
26097097007,38
26097097013,37
26097097010,37
26097097004,38
26097097009,37
26097097012,38
26097097005,38
26097097001,37
26097ZZZZZZ,37
26097097003,37
26097097008,37
26021021031,22
26021021002,20
26021021060,22
26021021056,22
26021021011,22
26021021018,20
26021021032,22
26021021009,22
26021021041,20
26021021053,22
26021021010,22
26021021028,22
26021ZZZZZZ,20
26021021030,22
26021021033,22
26001001009,36
26001001011,36
26001001008,36
26001001012,36
26001001005,36
26001001003,36
26001001001,36
26001001004,36
26001001007,36
26001001010,36
26001001006,36
26001001002,36
26001ZZZZZZ,36
26063063019,28
26063063002,28
26063063010,28
26063063007,28
26063063004,28
26063063031,28
26063063003,28
26063063011,28
26063063025,28
26063063013,28
26063063021,28
26063063023,28
26063063009,28
26063063006,28
26063063014,28
26063063024,28
26063063030,28
26063063005,28
26063063026,28
26063063017,28
26063063012,28
26063063028,28
26063063020,28
26063063016,28
26063063001,28
26063063027,28
26063063008,28
26063063015,28
26063063018,28
26063063022,28
26063063029,28
26063ZZZZZZ,28
26045045043,24
26045045019,24
26045045008,24
26045045020,24
26045045028,24
26045045023,24
26045045022,24
26045045041,24
26045045039,24
26045045044,24
26045045047,24
26045045034,24
26045045042,24
26045045026,24
26045045032,24
26045045010,24
26045045051,24
26045045012,24
26045045024,24
26045045035,24
26045045036,24
26045045021,24
26045045016,24
26045045018,24
26045045017,24
26045045013,24
26045045001,24
26045045038,24
26045045002,24
26045045049,24
26045045011,24
26045045050,24
26045045031,24
26045045040,24
26045045048,24
26045045005,24
26045045029,24
26045045004,24
26045045037,24
26045045025,24
26045045030,24
26045045007,24
26033033017,38
26033033008,38
26033033014,37
26033033013,37
26033033005,37
26033ZZZZZZ,38
26033033006,37
26033033015,37
26033033002,37
26033033007,38
26033033019,38
26033033003,38
26033033018,37
26033033009,37
26033033016,37
26033033001,38
26033033011,37
26033033012,37
26033033010,37
26033033004,37
26045045027,24
26045045015,24
26045045046,24
26045045033,24
26045045014,24
26045045009,24
26045045045,24
26045045003,24
26045045006,24
26087087003,27
26087087021,27
26087087009,27
26087087036,27
26087087037,27
26087087004,27
26087087016,11
26087087030,27
26087087011,11
26087087020,27
26087087035,27
26087087031,27
26087000001,28
26093093021,16
26093093020,16
26093093052,16
26093093060,16
26093093035,16
26093093033,16
26093093023,16
26093093046,16
26093093025,16
26093093069,16
26093093031,16
26093093075,16
26093093062,16
26093093030,16
26093093038,16
26093093027,16
26093093039,16
26093093044,16
26093093054,16
26093093068,16
26093093048,16
26093093003,16
26093000002,16
26093093079,16
26093093034,16
26093093006,16
26093093019,16
26093093080,16
26093093002,16
26093093040,16
26093093073,16
26093093050,16
26093093074,16
26093093015,16
26093093014,16
26093093061,16
26093093012,16
26093093066,16
26093093081,16
26093093043,16
26093093045,16
26093093004,16
26093093001,16
26093093070,16
26093093017,16
26093093064,16
26093093077,16
26093093076,16
26093093065,16
26093093013,16
26093093032,16
26093093055,16
26093093005,16
26093093057,16
26093093053,16
26093093063,16
26093093009,16
26093093011,16
26093093067,16
26093093042,16
26093093026,16
26093093007,16
26093093018,16
26093093041,16
26093093049,16
26093093037,16
26093093071,16
26093093059,16
26093093051,16
26093093047,16
26093093022,16
26093093058,16
26093093072,16
26093093036,16
26093093024,16
26093093078,16
26093093008,16
26093093028,16
26093093056,16
26093093010,16
26093093016,16
26101101007,35
26101101006,35
26101101013,35
26101101004,36
26101101011,36
26101101008,35
26101101003,35
26101101014,35
26101101001,35
26101ZZZZZZ,35
26123123002,31
26123123022,31
26123123004,31
26123123030,31
26123123020,31
26123123027,31
26123123003,31
26123123019,31
26123123008,31
26123123018,31
26123123001,31
26123123015,31
26123123029,31
26123123024,31
26123123010,31
26123123026,31
26123123025,31
26123123016,31
26123123011,31
26123123021,31
26123123028,31
26123123005,31
26123123012,31
26123123023,31
26123123009,31
26123123006,31
26123123014,31
26123123007,31
26123123017,31
26123123013,31
26127127012,35
26127127013,35
26127127010,35
26127127018,35
26127127008,35
26127127007,35
26127127009,35
26127127004,35
26127127001,35
26127127005,35
26127127015,35
26127127011,35
26127127006,35
26127127002,35
26127127003,35
26127127016,35
26127127017,35
26127ZZZZZZ,35
26127127014,35
26137137005,36
26159159007,21
26159159012,22
26159159029,22
26159159020,22
26159159022,22
26159159013,22
26159159010,22
26159159024,22
26159159031,22
26159159016,22
26159159015,22
26159159011,22
26159159001,22
26159159023,22
26159159008,22
26159159006,21
26159159026,22
26159159018,22
26159159027,22
26159159005,21
26159159030,22
26159159032,22
26159159019,22
26159159002,22
26159159009,22
